feature,best_lag_steps,best_lag_label,pearson,abs_pearson,spearman,abs_spearman,samples
tratadores_e_intercambiadores_de_butano | AI-1224A,0,0min (0.00h),-0.8053571087171038,0.8053571087171038,-0.8588792128854029,0.8588792128854029,119456
tratadores_e_intercambiadores_de_propano | TI-2403,42,210min (3.50h),0.7030026204294147,0.7030026204294147,0.35263710746444493,0.35263710746444493,119298
tratadores_e_intercambiadores_de_propano | TI-2401,57,285min (4.75h),0.6759113872754088,0.6759113872754088,0.40532761248688526,0.40532761248688526,119239
tratadores_e_intercambiadores_de_propano | TI-2405,42,210min (3.50h),0.6720648116986815,0.6720648116986815,0.2790017212038843,0.2790017212038843,119289
debutanizadora_y_tratamiento_de_alquilato | TI-2105,15,75min (1.25h),0.6686304589365947,0.6686304589365947,0.8497069712973081,0.8497069712973081,116395
tratadores_e_intercambiadores_de_propano | TI-2404,54,270min (4.50h),0.6629169005320988,0.6629169005320988,0.3281294408053624,0.3281294408053624,118365
isostripper | TI-1565,15,75min (1.25h),0.6558922939517162,0.6558922939517162,0.5277224967019495,0.5277224967019495,118237
debutanizadora_y_tratamiento_de_alquilato | FIC-2100,51,255min (4.25h),0.6522604300865424,0.6522604300865424,0.396227385601855,0.396227385601855,117479
isostripper | FIC-2100,51,255min (4.25h),0.6492328073379404,0.6492328073379404,0.3923445995200733,0.3923445995200733,119279
tratadores_e_intercambiadores_de_propano | TIC-2400,63,315min (5.25h),0.6492218484101011,0.6492218484101011,0.34294238932822485,0.34294238932822485,114125
reactor_de_alquilacion | PI-1053,48,240min (4.00h),0.6419569880672151,0.6419569880672151,0.1640845296521808,0.1640845296521808,119387
reactor_de_alquilacion | PI-1053.1,48,240min (4.00h),0.6419569880672151,0.6419569880672151,0.1640845296521808,0.1640845296521808,119387
tratadores_e_intercambiadores_de_propano | PIC-2417,57,285min (4.75h),0.6382469862112292,0.6382469862112292,0.19309762233521596,0.19309762233521596,119343
tratadores_e_intercambiadores_de_propano | TI-2406,42,210min (3.50h),0.6346843618705547,0.6346843618705547,0.29567625770624206,0.29567625770624206,119274
reactor_de_alquilacion | FIC-1903C,54,270min (4.50h),0.6302674724434747,0.6302674724434747,0.4145342250407792,0.4145342250407792,118703
debutanizadora_y_tratamiento_de_alquilato | TI-2102,18,90min (1.50h),0.6297952238429839,0.6297952238429839,0.760724616659627,0.760724616659627,116278
debutanizadora_y_tratamiento_de_alquilato | TI-1567,18,90min (1.50h),0.6277476581686888,0.6277476581686888,0.5151064104556143,0.5151064104556143,114628
isostripper | TI-1567,18,90min (1.50h),0.6274123057652764,0.6274123057652764,0.514345385098478,0.514345385098478,116461
horno | FIC-1903C-F-2-OLEFINAS,54,270min (4.50h),0.6226771792411618,0.6226771792411618,0.4056523084027638,0.4056523084027638,117571
debutanizadora_y_tratamiento_de_alquilato | FIC-1238,54,270min (4.50h),0.6129954079821947,0.6129954079821947,0.41617366030149977,0.41617366030149977,117491
psh | LI-4040,84,420min (7.00h),0.6099823685551623,0.6099823685551623,0.3897704393061346,0.3897704393061346,81403
horno | FI-1000-ISOBUTANO-REPOSICION,63,315min (5.25h),0.6097439509854,0.6097439509854,0.34986132963157784,0.34986132963157784,118090
psh | TI-4063,72,360min (6.00h),0.6088719608718508,0.6088719608718508,0.13047651542807207,0.13047651542807207,115821
reactor_de_alquilacion | FI-1059A,48,240min (4.00h),0.6088154256337585,0.6088154256337585,0.39666933623355893,0.39666933623355893,118522
psh | TIC-4017,66,330min (5.50h),0.6061721008959234,0.6061721008959234,0.14249156727778525,0.14249156727778525,117592
isostripper | TI-1571,18,90min (1.50h),0.6041819011986784,0.6041819011986784,0.5519947320729555,0.5519947320729555,118191
horno | FI-1059A-F-1-OLEFINAS,48,240min (4.00h),0.6013424281181668,0.6013424281181668,0.3876697459633971,0.3876697459633971,117384
tratadores_e_intercambiadores_de_propano | FIC-2415,57,285min (4.75h),0.6011602465564774,0.6011602465564774,0.0778452633817802,0.0778452633817802,118771
reactor_de_alquilacion | FI-1903B,54,270min (4.50h),0.5989723644890257,0.5989723644890257,0.4229662659777722,0.4229662659777722,118474
horno | FI-1238-ALQUILATO,54,270min (4.50h),0.5965006760155406,0.5965006760155406,0.40190772015626774,0.40190772015626774,118202
reactor_de_alquilacion | PI-1905,48,240min (4.00h),0.5909782161213136,0.5909782161213136,0.1673390149809953,0.1673390149809953,117468
horno | FI-1903B-F-2-OLEFINAS,54,270min (4.50h),0.5906914734783482,0.5906914734783482,0.41448551726470984,0.41448551726470984,117342
debutanizadora_y_tratamiento_de_alquilato | TIC-2103,18,90min (1.50h),0.5866904077217754,0.5866904077217754,0.7482534826272638,0.7482534826272638,100662
debutanizadora_y_tratamiento_de_alquilato | TI-2101,96,480min (8.00h),0.5865823509489511,0.5865823509489511,0.3273152097111417,0.3273152097111417,116314
psh | TI-4043C,72,360min (6.00h),0.5809585956899826,0.5809585956899826,0.21913728571923266,0.21913728571923266,115503
despropanizadora_y_despojo | PIC-1150,66,330min (5.50h),0.5793531147285347,0.5793531147285347,0.15804638954368402,0.15804638954368402,119284
reactor_de_alquilacion | FIC-1059C,48,240min (4.00h),0.5793258692823448,0.5793258692823448,0.3738984503073721,0.3738984503073721,118200
isostripper | FI-2315,96,480min (8.00h),0.5702313846633966,0.5702313846633966,0.36609675541359304,0.36609675541359304,115258
psh | TI-4043A,66,330min (5.50h),0.5669301609227362,0.5669301609227362,0.22623284931704257,0.22623284931704257,115506
psh | TI-4043B,69,345min (5.75h),0.5657605091031609,0.5657605091031609,0.20455925697200936,0.20455925697200936,116383
isostripper | PIC-1921,69,345min (5.75h),0.562776934024403,0.562776934024403,0.22705208783592504,0.22705208783592504,119318
reactor_de_alquilacion | PI-1921,69,345min (5.75h),0.562776934024403,0.562776934024403,0.22705208783592504,0.22705208783592504,119318
debutanizadora_y_tratamiento_de_alquilato | TI-2106,84,420min (7.00h),0.561969142000031,0.561969142000031,0.263753531627041,0.263753531627041,116356
psh | TI-4135,33,165min (2.75h),0.5602146928505304,0.5602146928505304,0.29719425580848274,0.29719425580848274,116411
tratadores_e_intercambiadores_de_butano | FI-1223,0,0min (0.00h),0.5576344269229877,0.5576344269229877,0.30064322618808004,0.30064322618808004,119609
despropanizadora_y_despojo | PI-1166,63,315min (5.25h),0.5572177519630073,0.5572177519630073,0.08566169434960139,0.08566169434960139,118873
isostripper | TI-1497,96,480min (8.00h),0.545314866718735,0.545314866718735,0.23101666818543298,0.23101666818543298,118264
horno | TI-1508,96,480min (8.00h),0.544215997265345,0.544215997265345,0.2742622162125809,0.2742622162125809,117184
horno | TI-1497,96,480min (8.00h),0.5438132558723467,0.5438132558723467,0.22455486655107593,0.22455486655107593,117174
debutanizadora_y_tratamiento_de_alquilato | PI-2110B,84,420min (7.00h),0.5419995806889487,0.5419995806889487,0.2730071649285933,0.2730071649285933,114594
isostripper | TI-1108,96,480min (8.00h),0.5402565784126193,0.5402565784126193,0.15426909097818986,0.15426909097818986,118154
debutanizadora_y_tratamiento_de_alquilato | PIC-2124,84,420min (7.00h),0.539565176530771,0.539565176530771,0.15220793674726413,0.15220793674726413,117550
horno | FI-1499B,96,480min (8.00h),0.5337024560824535,0.5337024560824535,0.23510718421090546,0.23510718421090546,117371
horno | TI-1515B-T-CONTROL-H-01,96,480min (8.00h),0.5333236353914967,0.5333236353914967,0.14244888137689563,0.14244888137689563,115920
isostripper | TI-1098,48,240min (4.00h),0.5332304243720168,0.5332304243720168,0.00251615978080538,0.00251615978080538,119357
horno | TI-1515A-T-CONTROL-H-01,96,480min (8.00h),0.5326545860980655,0.5326545860980655,0.1474514272520966,0.1474514272520966,116821
debutanizadora_y_tratamiento_de_alquilato | TI-2104,96,480min (8.00h),0.5322369961832266,0.5322369961832266,0.2597420102399735,0.2597420102399735,116359
horno | TI-1105A,96,480min (8.00h),0.5304549813676169,0.5304549813676169,0.18368283283781403,0.18368283283781403,95454
regenerador_de_acido | TI-1628,84,420min (7.00h),0.5280778461944403,0.5280778461944403,0.15571757520297197,0.15571757520297197,118110
horno | TI-1511,96,480min (8.00h),0.52805788980427,0.52805788980427,0.20861722678400607,0.20861722678400607,116955
horno | FIC-1500A,96,480min (8.00h),0.5271993888691424,0.5271993888691424,0.20513775288048314,0.20513775288048314,118245
horno | FIC-1499A,96,480min (8.00h),0.5271095307712191,0.5271095307712191,0.20669560239289297,0.20669560239289297,118254
psh | PIC-4080,552,2760min (46.00h),0.526097816837884,0.526097816837884,0.20327511117284783,0.20327511117284783,117602
horno | FI-1500B,96,480min (8.00h),0.5255838318950689,0.5255838318950689,0.2078714041943034,0.2078714041943034,117350
debutanizadora_y_tratamiento_de_alquilato | PDI-2110,84,420min (7.00h),-0.5219401346244267,0.5219401346244267,-0.27641257919796663,0.27641257919796663,113852
horno | PI-1659B,96,480min (8.00h),0.521315376325232,0.521315376325232,0.07117859157551121,0.07117859157551121,94918
psh | TI-4115,180,900min (15.00h),0.5208258670179609,0.5208258670179609,0.2114278387498538,0.2114278387498538,115742
psh | TI-4162,108,540min (9.00h),0.5173605139101606,0.5173605139101606,0.1320365309279814,0.1320365309279814,115461
psh | TI-4070,96,480min (8.00h),0.5172547245875928,0.5172547245875928,0.20808741852026025,0.20808741852026025,115812
horno | PI-1659A,96,480min (8.00h),0.5171787379308352,0.5171787379308352,0.025529214841210443,0.025529214841210443,95823
isostripper | TI-1112,51,255min (4.25h),0.5153303454205036,0.5153303454205036,0.18932414955307544,0.18932414955307544,119430
isostripper | FIC-2319,69,345min (5.75h),0.513846913249351,0.513846913249351,0.034097920616188666,0.034097920616188666,106196
horno | PI-1678,504,2520min (42.00h),0.5130716367245414,0.5130716367245414,-0.10340706975784911,0.10340706975784911,95833
despropanizadora_y_despojo | FI-1165,72,360min (6.00h),0.5105503940088149,0.5105503940088149,0.13332764292701685,0.13332764292701685,106429
horno | FI-1501B,96,480min (8.00h),0.5094106370191108,0.5094106370191108,0.21203017688368248,0.21203017688368248,118265
psh | PI-4041A,96,480min (8.00h),0.5091626001728087,0.5091626001728087,0.115394893485934,0.115394893485934,117584
reactor_de_alquilacion | FI-2513,36,180min (3.00h),0.5089910714532055,0.5089910714532055,0.11434248688425723,0.11434248688425723,119107
tratadores_e_intercambiadores_de_butano | TI-1962,11,55min (0.92h),0.5075020156152419,0.5075020156152419,0.5831024833439559,0.5831024833439559,118253
psh | PI-4041B,96,480min (8.00h),0.5070847653003652,0.5070847653003652,0.12151164811151728,0.12151164811151728,117620
reactor_de_alquilacion | FIC-1900,96,480min (8.00h),0.5064840545548435,0.5064840545548435,0.2152053707290904,0.2152053707290904,117885
tratadores_e_intercambiadores_de_butano | PI-1219,42,210min (3.50h),0.5056200824249958,0.5056200824249958,0.24744301536729704,0.24744301536729704,119409
isostripper | TI-1087,18,90min (1.50h),0.5051389448999906,0.5051389448999906,0.2566944508756451,0.2566944508756451,119382
horno | FIC-1502A,96,480min (8.00h),0.5043209833449767,0.5043209833449767,0.21215905192167048,0.21215905192167048,118205
horno | TI-1514,96,480min (8.00h),0.503505422448218,0.503505422448218,0.2637235731098382,0.2637235731098382,94338
regenerador_de_acido | FIC-2336,84,420min (7.00h),0.5016703313444516,0.5016703313444516,0.294546740099301,0.294546740099301,119227
psh | PIC-4051B,108,540min (9.00h),0.5010413195022165,0.5010413195022165,0.1578074491935942,0.1578074491935942,117625
isostripper | PI-1092B,84,420min (7.00h),0.5004729456781135,0.5004729456781135,-0.06331933509602339,0.06331933509602339,119298
psh | FIC-4061,66,330min (5.50h),0.499273484848212,0.499273484848212,0.35869367000758434,0.35869367000758434,117600
regenerador_de_acido | TI-1179,15,75min (1.25h),0.499129106384146,0.499129106384146,0.0666229517617114,0.0666229517617114,117486
horno | FIC-1900-F-2-ISOBUTANO-RECICLO,108,540min (9.00h),0.495453452606588,0.495453452606588,0.2078727724803475,0.2078727724803475,116792
tratadores_e_intercambiadores_de_butano | TI-1977,0,0min (0.00h),0.49445894111733896,0.49445894111733896,0.2918026441340237,0.2918026441340237,118343
despropanizadora_y_despojo | TI-2320,36,180min (3.00h),0.49285733461109416,0.49285733461109416,0.13709150967032488,0.13709150967032488,115342
reactor_de_alquilacion | FI-1903A,60,300min (5.00h),0.4855093377738045,0.4855093377738045,0.37550338147095585,0.37550338147095585,118457
tratadores_e_intercambiadores_de_butano | TI-1964,60,300min (5.00h),0.48479253961419483,0.48479253961419483,0.17591042810644192,0.17591042810644192,118141
debutanizadora_y_tratamiento_de_alquilato | TI-1228,36,180min (3.00h),0.48440548660023264,0.48440548660023264,0.3320790198806469,0.3320790198806469,116749
despropanizadora_y_despojo | TI-2340,3,15min (0.25h),0.4824858880894881,0.4824858880894881,0.29612402121247894,0.29612402121247894,119587
tratadores_e_intercambiadores_de_butano | TI-1976,24,120min (2.00h),0.47839457726665724,0.47839457726665724,0.3764710754403899,0.3764710754403899,119259
despropanizadora_y_despojo | PIC-2350,42,210min (3.50h),0.47837417527646847,0.47837417527646847,0.315331739291302,0.315331739291302,117151
regenerador_de_acido | TIC-1168,0,0min (0.00h),0.477529408362469,0.477529408362469,0.15546949422538264,0.15546949422538264,119396
reactor_de_alquilacion | TI-1358,66,330min (5.50h),0.4772774543400392,0.4772774543400392,0.2578551634368325,0.2578551634368325,118292
debutanizadora_y_tratamiento_de_alquilato | PI-2110A,60,300min (5.00h),0.47517180846963053,0.47517180846963053,0.0710204952490304,0.0710204952490304,114161
tratadores_e_intercambiadores_de_butano | PIC-1218,0,0min (0.00h),0.47376816615735085,0.47376816615735085,0.4683539676117279,0.4683539676117279,12129
debutanizadora_y_tratamiento_de_alquilato | LIC-2107,0,0min (0.00h),0.4729773926825023,0.4729773926825023,0.07987137505306144,0.07987137505306144,116011
horno | FI-1903A-F-2-OLEFINAS,60,300min (5.00h),0.47286626582754665,0.47286626582754665,0.3659319887127906,0.3659319887127906,117331
tratadores_e_intercambiadores_de_butano | FIC-1982,42,210min (3.50h),0.4723706780778274,0.4723706780778274,0.28147762802853454,0.28147762802853454,111567
horno | TI-2582,84,420min (7.00h),0.47218528916473773,0.47218528916473773,0.20281689019242227,0.20281689019242227,116099
tratadores_e_intercambiadores_de_butano | TI-1978,30,150min (2.50h),0.4714253552209319,0.4714253552209319,0.2862648583197176,0.2862648583197176,118338
reactor_de_alquilacion | FI-1059B,48,240min (4.00h),0.4713390765260922,0.4713390765260922,0.33091645718101753,0.33091645718101753,119383
isostripper | PI-1092A,84,420min (7.00h),0.4702957647920016,0.4702957647920016,-0.11524533100914841,0.11524533100914841,118969
horno | TI-2581,84,420min (7.00h),0.4681282968895074,0.4681282968895074,0.2782856425412179,0.2782856425412179,117026
tratadores_e_intercambiadores_de_butano | PI-1984,69,345min (5.75h),0.4674152461417998,0.4674152461417998,0.28227027134330357,0.28227027134330357,119394
tratadores_e_intercambiadores_de_butano | TI-1975,0,0min (0.00h),0.46503727262512035,0.46503727262512035,0.376609772377397,0.376609772377397,118354
horno | FIC-1501A,84,420min (7.00h),0.46212494064095544,0.46212494064095544,0.19102492386355094,0.19102492386355094,117916
horno | FI-1059B-F-1-OLEFINAS,48,240min (4.00h),0.460202953056781,0.460202953056781,0.32140344352598416,0.32140344352598416,118245
regenerador_de_acido | FIC-1180,84,420min (7.00h),0.45916886058209755,0.45916886058209755,0.21924586166688165,0.21924586166688165,119255
despropanizadora_y_despojo | FI-1148,0,0min (0.00h),0.45778284023798027,0.45778284023798027,0.2659617978233678,0.2659617978233678,57852
isostripper | TI-1097,0,0min (0.00h),0.449405985641114,0.449405985641114,-0.08859031038918139,0.08859031038918139,119546
regenerador_de_acido | TI-2704,552,2760min (46.00h),0.44917081587626945,0.44917081587626945,0.08206088117418435,0.08206088117418435,117666
reactor_de_alquilacion | FIC-1933,84,420min (7.00h),0.44673488267674644,0.44673488267674644,0.199039593235973,0.199039593235973,116485
horno | TI-2584,84,420min (7.00h),0.44429422429484766,0.44429422429484766,0.22370662044568249,0.22370662044568249,117056
isostripper | LIC-1094,1,5min (0.08h),0.4401548329534112,0.4401548329534112,-0.04181133752630473,0.04181133752630473,113041
debutanizadora_y_tratamiento_de_alquilato | TI-2125,72,360min (6.00h),0.43769270945018973,0.43769270945018973,0.16809249607818938,0.16809249607818938,116342
debutanizadora_y_tratamiento_de_alquilato | TI-2125.1,72,360min (6.00h),0.43769270945018973,0.43769270945018973,0.16809249607818938,0.16809249607818938,116342
reactor_de_alquilacion | LI-1072,51,255min (4.25h),0.43493761501504963,0.43493761501504963,0.01881687324403245,0.01881687324403245,118323
tratadores_e_intercambiadores_de_butano | TIC-1309,63,315min (5.25h),0.4346513112441118,0.4346513112441118,0.15627825470690662,0.15627825470690662,102998
horno | TI-2587A,72,360min (6.00h),0.43211892122188583,0.43211892122188583,0.23830616449855754,0.23830616449855754,117086
isostripper | TI-1109,33,165min (2.75h),0.4283025393852709,0.4283025393852709,0.21955079293755156,0.21955079293755156,119175
debutanizadora_y_tratamiento_de_alquilato | FIC-2112,84,420min (7.00h),0.42310553276115004,0.42310553276115004,0.1530972892105802,0.1530972892105802,117173
tratadores_e_intercambiadores_de_butano | FIC-2121,0,0min (0.00h),0.42162689289785216,0.42162689289785216,0.3949557645412428,0.3949557645412428,118848
lab_carga_D03_a_E28 | FIC-1903C_OLEFINAS_2,51,255min (4.25h),0.4210105954114049,0.4210105954114049,0.3567253986418165,0.3567253986418165,54974
isostripper | LI-1120,36,180min (3.00h),0.4203710223145345,0.4203710223145345,0.11714841395027854,0.11714841395027854,102611
lab_isobutano_reciclo | FIC-1903C-Olefinas 2,51,255min (4.25h),0.4155322518705962,0.4155322518705962,0.3618586152748749,0.3618586152748749,55493
debutanizadora_y_tratamiento_de_alquilato | FI-2623,108,540min (9.00h),0.4153236013117282,0.4153236013117282,0.2012127486771039,0.2012127486771039,109201
horno | FIC-1666,96,480min (8.00h),0.4119440795980244,0.4119440795980244,0.2082307849595083,0.2082307849595083,95696
horno | FI-1666A,96,480min (8.00h),0.41164374766031636,0.41164374766031636,0.20583432064785023,0.20583432064785023,95778
tratadores_e_intercambiadores_de_butano | LIC-2482,48,240min (4.00h),0.3971176847912461,0.3971176847912461,0.12478674019950745,0.12478674019950745,107819
isostripper | FI-1457,57,285min (4.75h),0.3902160378809968,0.3902160378809968,0.18620233618266585,0.18620233618266585,105421
isostripper | LI-2314,84,420min (7.00h),0.3901709882561139,0.3901709882561139,0.12442006995348644,0.12442006995348644,117989
regenerador_de_acido | TI-1176,252,1260min (21.00h),0.3901452522698001,0.3901452522698001,0.17895464339234923,0.17895464339234923,117965
psh | LIC-4069,576,2880min (48.00h),0.3882446510243635,0.3882446510243635,0.058544059354527805,0.058544059354527805,117516
psh | TI-4158,33,165min (2.75h),0.3836283382267938,0.3836283382267938,0.2457885536134152,0.2457885536134152,116406
despropanizadora_y_despojo | LIC-1152,552,2760min (46.00h),0.383164165775794,0.383164165775794,0.13799547303409562,0.13799547303409562,116481
horno | PI-1658,528,2640min (44.00h),0.3780577059752419,0.3780577059752419,-0.06503318194364296,0.06503318194364296,95833
despropanizadora_y_despojo | FI-1484,36,180min (3.00h),0.3765780396604259,0.3765780396604259,0.21671227999668893,0.21671227999668893,58959
despropanizadora_y_despojo | TIC-2323,84,420min (7.00h),0.37321671289017155,0.37321671289017155,0.1240629738950906,0.1240629738950906,108017
isostripper | TI-1096,0,0min (0.00h),0.3718061117135795,0.3718061117135795,-0.1527315263285301,0.1527315263285301,118744
reactor_de_alquilacion | FIC-1047,96,480min (8.00h),0.3709948188182944,0.3709948188182944,0.12281027654515442,0.12281027654515442,73117
debutanizadora_y_tratamiento_de_alquilato | TI-1085,39,195min (3.25h),0.369993334110035,0.369993334110035,0.03454799809519166,0.03454799809519166,117335
reactor_de_alquilacion | TI-1907,30,150min (2.50h),0.3686226111886054,0.3686226111886054,0.25602310256529226,0.25602310256529226,117636
lab_carga_D03_a_E28 | FIC-1059C-OLEFINAS-1,45,225min (3.75h),0.36805240318067134,0.36805240318067134,0.28124642192827126,0.28124642192827126,55140
isostripper | TI-1085,36,180min (3.00h),0.3665206971001685,0.3665206971001685,0.03818520574687273,0.03818520574687273,119147
despropanizadora_y_despojo | TI-2333,432,2160min (36.00h),0.36614557352961646,0.36614557352961646,0.15023369411607407,0.15023369411607407,118789
lab_isobutano_reciclo | FIC-1059C Olefinas 1,48,240min (4.00h),0.3645875617628932,0.3645875617628932,0.2753925394184522,0.2753925394184522,55659
isostripper | TIC-1091,18,90min (1.50h),0.3633519531348783,0.3633519531348783,0.17737140339236784,0.17737140339236784,110964
despropanizadora_y_despojo | TI-1582,84,420min (7.00h),0.3632011659883352,0.3632011659883352,0.029168596078457124,0.029168596078457124,118083
reactor_de_alquilacion | TI-1055,33,165min (2.75h),0.3599311886809145,0.3599311886809145,0.23163655952805803,0.23163655952805803,118416
despropanizadora_y_despojo | TI-1149,84,420min (7.00h),0.358835112533788,0.358835112533788,0.045560253940474846,0.045560253940474846,118263
tratadores_e_intercambiadores_de_butano | TI-1736,6,30min (0.50h),0.353563391017997,0.353563391017997,0.3859752385742841,0.3859752385742841,118267
isostripper | PIC-1111,60,300min (5.00h),0.3535516061344976,0.3535516061344976,-0.24339903419707318,0.24339903419707318,78958
tratadores_e_intercambiadores_de_butano | TI-1306,18,90min (1.50h),0.35334964909496536,0.35334964909496536,0.20817954687428974,0.20817954687428974,117285
despropanizadora_y_despojo | FIC-2380,57,285min (4.75h),-0.3519918029432781,0.3519918029432781,-0.16460567141735716,0.16460567141735716,119370
horno | PI-1661C,576,2880min (48.00h),0.35060544990734194,0.35060544990734194,0.009207846901670239,0.009207846901670239,95615
regenerador_de_acido | TI-1072,456,2280min (38.00h),0.34969949165266473,0.34969949165266473,0.15879289875087443,0.15879289875087443,118827
lab_isobutano_fresco_a_D02 | FLUJO ISOBUTANO FRESCO,51,255min (4.25h),0.34959762038468706,0.34959762038468706,0.26570959234984287,0.26570959234984287,56802
despropanizadora_y_despojo | PI-2322B,84,420min (7.00h),0.3492024399290954,0.3492024399290954,0.23906780705117672,0.23906780705117672,101055
lab_isobutano_fresco_a_D02 | BUTILENOS,552,2760min (46.00h),-0.34879160218178734,0.34879160218178734,-0.2836000670156934,0.2836000670156934,56769
horno | PIC-1662,432,2160min (36.00h),0.34822390292687566,0.34822390292687566,-0.039610826512762085,0.039610826512762085,92897
horno | PI-1661B,576,2880min (48.00h),0.3458610583617273,0.3458610583617273,0.0171308471319734,0.0171308471319734,94722
horno | PI-1661A,576,2880min (48.00h),0.34567105953670973,0.34567105953670973,0.012607015985535678,0.012607015985535678,95608
horno | PI-1661A.1,576,2880min (48.00h),0.34567105953670973,0.34567105953670973,0.012607015985535678,0.012607015985535678,95608
lab_isobutano_fresco_a_D02 | ISOBUTANO,552,2760min (46.00h),0.34342091079496173,0.34342091079496173,0.3935463428221146,0.3935463428221146,56769
horno | FIC-1047-F-1-ISOBUTANO,96,480min (8.00h),0.341863969249196,0.341863969249196,0.10694453306404021,0.10694453306404021,72027
tratadores_e_intercambiadores_de_butano | TI-1305,21,105min (1.75h),0.3383458922121,0.3383458922121,0.23064540243914247,0.23064540243914247,118354
psh | TI-4085,33,165min (2.75h),0.33418993051961615,0.33418993051961615,0.080630076505213,0.080630076505213,115808
isostripper | FI-1449,576,2880min (48.00h),0.3340666671193233,0.3340666671193233,0.22081075480266157,0.22081075480266157,108371
regenerador_de_acido | TI-1073,252,1260min (21.00h),0.33143833813333806,0.33143833813333806,0.1555344217490069,0.1555344217490069,96029
debutanizadora_y_tratamiento_de_alquilato | LIC-2130,7,35min (0.58h),0.330140329839184,0.330140329839184,0.18474722037202052,0.18474722037202052,111008
despropanizadora_y_despojo | FI-1485,33,165min (2.75h),0.3294698081273131,0.3294698081273131,0.2392149566524682,0.2392149566524682,113939
reactor_de_alquilacion | FIC-1932,96,480min (8.00h),0.32857523389865423,0.32857523389865423,0.019254654603764788,0.019254654603764788,116986
tratadores_e_intercambiadores_de_butano | LIC-2478,39,195min (3.25h),0.3278821042024745,0.3278821042024745,0.13167372684422615,0.13167372684422615,110828
lab_carga_D03_a_E28 | FI-1909_ACIDO_2,54,270min (4.50h),0.3259172748170902,0.3259172748170902,0.32590781151619075,0.32590781151619075,53582
tratadores_e_intercambiadores_de_propano | FI-2423B,54,270min (4.50h),0.3227407489723364,0.3227407489723364,0.16451058735656296,0.16451058735656296,118613
isostripper | FI-1450,576,2880min (48.00h),0.3202786544622213,0.3202786544622213,0.23550770315539685,0.23550770315539685,115192
regenerador_de_acido | LIC-2470,192,960min (16.00h),0.31689213228647906,0.31689213228647906,0.05441829464048423,0.05441829464048423,98799
reactor_de_alquilacion | TI-1051,33,165min (2.75h),0.310023928633526,0.310023928633526,0.21606015615052482,0.21606015615052482,118448
tratadores_e_intercambiadores_de_butano | TI-1731,54,270min (4.50h),0.3080021219380688,0.3080021219380688,0.07276328083551357,0.07276328083551357,118153
isostripper | FIC-2318,96,480min (8.00h),0.30426543679730506,0.30426543679730506,0.2864440091178956,0.2864440091178956,106389
despropanizadora_y_despojo | FIC-2318,96,480min (8.00h),0.30423731430619877,0.30423731430619877,0.28640429065887996,0.28640429065887996,106388
tratadores_e_intercambiadores_de_propano | LIC-2394,84,420min (7.00h),0.3012068658416216,0.3012068658416216,0.15331331956258015,0.15331331956258015,114565
tratamiento_de_efluentes | LI-1202,456,2280min (38.00h),-0.29906188184992155,0.29906188184992155,-0.44903709954204835,0.44903709954204835,40803
horno | PDI-1663,30,150min (2.50h),0.29620785914678655,0.29620785914678655,0.21899266411451784,0.21899266411451784,95843
tratadores_e_intercambiadores_de_butano | AI-1224C,2,10min (0.17h),-0.29478830360798497,0.29478830360798497,-0.18681824382855908,0.18681824382855908,119552
lab_isobutano_reciclo | IC-4 DE RECICLO IC-4 Isobutano Reciclo %,504,2520min (42.00h),0.28601879898114296,0.28601879898114296,0.2390691427328784,0.2390691427328784,55698
tratadores_e_intercambiadores_de_butano | TI-1943,69,345min (5.75h),0.28425578335022983,0.28425578335022983,0.2045041807968226,0.2045041807968226,118043
isostripper | FI-1456,72,360min (6.00h),0.28242802935835654,0.28242802935835654,0.14166302990300372,0.14166302990300372,118699
tratadores_e_intercambiadores_de_butano | FIC-1312,45,225min (3.75h),0.277771700059696,0.277771700059696,0.0003050228424957622,0.0003050228424957622,119278
isostripper | TI-1116,0,0min (0.00h),0.277519235646934,0.277519235646934,0.09385101167891252,0.09385101167891252,119620
psh | PDI-4041,54,270min (4.50h),0.2767133441716473,0.2767133441716473,0.07530006184077366,0.07530006184077366,115678
horno | FI-1737,276,1380min (23.00h),0.27642242538466205,0.27642242538466205,0.16259095995767775,0.16259095995767775,95804
tratadores_e_intercambiadores_de_butano | FIC-2120,42,210min (3.50h),0.2761026162663658,0.2761026162663658,0.07820493676186331,0.07820493676186331,118664
psh | TI-4065,576,2880min (48.00h),0.27434571801536073,0.27434571801536073,0.11051619857451885,0.11051619857451885,115746
tratadores_e_intercambiadores_de_butano | TI-1648,36,180min (3.00h),0.27281185302352484,0.27281185302352484,0.17621043902429392,0.17621043902429392,118088
debutanizadora_y_tratamiento_de_alquilato | FIC-2120,42,210min (3.50h),0.27240813287637006,0.27240813287637006,0.07300306799796458,0.07300306799796458,116855
tratadores_e_intercambiadores_de_butano | TI-2143,66,330min (5.50h),0.2587773141822085,0.2587773141822085,0.1279274274796107,0.1279274274796107,111100
tratadores_e_intercambiadores_de_butano | TI-1217A,0,0min (0.00h),0.25332261803728373,0.25332261803728373,0.17087599139092127,0.17087599139092127,118370
tratadores_e_intercambiadores_de_butano | TI-2142,33,165min (2.75h),0.2530569970756416,0.2530569970756416,0.0949542073985816,0.0949542073985816,113943
lab_carga_a_P201 | CARGA DE P-201 A/B C-3=,120,600min (10.00h),0.25243079432777465,0.25243079432777465,0.30889543009139114,0.30889543009139114,56835
lab_carga_a_P201 | CARGA DE P-201 A/B AZUFRE TOTAL,576,2880min (48.00h),-0.2522887130559367,0.2522887130559367,-0.2169301745499723,0.2169301745499723,55960
lab_R-201 | CARGA DE P-201 A/B AZUFRE TOTAL,576,2880min (48.00h),-0.2522887130559367,0.2522887130559367,-0.2169301745499723,0.2169301745499723,55960
tratamiento_de_efluentes | FI-1288,384,1920min (32.00h),0.2500577721359059,0.2500577721359059,-0.00871291970245971,0.00871291970245971,118529
psh | LI-4078,504,2520min (42.00h),-0.24891366769814144,0.24891366769814144,-0.07179822814030322,0.07179822814030322,56362
reactor_de_alquilacion | TI-1911,30,150min (2.50h),0.24861899743440827,0.24861899743440827,0.20405150861487392,0.20405150861487392,117400
debutanizadora_y_tratamiento_de_alquilato | PI-2545,72,360min (6.00h),0.24247117373904717,0.24247117373904717,0.02614863305931696,0.02614863305931696,112257
despropanizadora_y_despojo | FIC-1145,30,150min (2.50h),0.23821921234099963,0.23821921234099963,0.009575667020186267,0.009575667020186267,94818
regenerador_de_acido | FIC-1171,204,1020min (17.00h),0.23544540086426302,0.23544540086426302,0.24890959453211917,0.24890959453211917,115485
tratadores_e_intercambiadores_de_propano | FIC-2424,504,2520min (42.00h),-0.23125276120048405,0.23125276120048405,-0.04568280805746202,0.04568280805746202,118465
lab_carga_D03_a_E28 | FI-1057_ACIDO_1,84,420min (7.00h),0.23095215193563384,0.23095215193563384,0.14772013308643075,0.14772013308643075,55121
despropanizadora_y_despojo | FI-1477,27,135min (2.25h),0.2297201874739915,0.2297201874739915,0.11738724511150417,0.11738724511150417,115978
despropanizadora_y_despojo | F-12387,0,0min (0.00h),-0.22663324919834754,0.22663324919834754,-0.00021730218243019156,0.00021730218243019156,116925
psh | FIC-4059,576,2880min (48.00h),0.22474893599643253,0.22474893599643253,-0.10151707190104248,0.10151707190104248,117532
despropanizadora_y_despojo | FI-1148BPD,360,1800min (30.00h),0.22128441872073923,0.22128441872073923,0.03477089977965983,0.03477089977965983,82992
lab_isobutano_reciclo | FIC-1047_Isobutano 1,84,420min (7.00h),0.2173739276785991,0.2173739276785991,0.04102926416279494,0.04102926416279494,55623
tratadores_e_intercambiadores_de_butano | TI-2141,33,165min (2.75h),0.2141469287287528,0.2141469287287528,0.14688256287207344,0.14688256287207344,119141
psh | PDI-4051,72,360min (6.00h),0.21243109099682014,0.21243109099682014,0.04806250095629512,0.04806250095629512,117625
lab_carga_D03_a_E28 | FIC-1047_ISOBUTANO_1,84,420min (7.00h),0.21073807663735994,0.21073807663735994,0.036871055269016406,0.036871055269016406,55104
lab_isobutano_reciclo | FIC-1900_Isobutano 2,84,420min (7.00h),0.21014499967377798,0.21014499967377798,0.03649707950106357,0.03649707950106357,55599
tratadores_e_intercambiadores_de_propano | TI-2410A,0,0min (0.00h),0.20858088237213518,0.20858088237213518,0.17382935062953295,0.17382935062953295,117527
lab_carga_D03_a_E28 | FIC-1900_ISOBUTANO_2,42,210min (3.50h),0.20797467903669814,0.20797467903669814,0.02967347636140766,0.02967347636140766,55089
lab_isobutano_reciclo | IC-4 DE RECICLO NC-4 N- butano ,576,2880min (48.00h),-0.2077294654875117,0.2077294654875117,-0.18216729591031613,0.18216729591031613,55641
despropanizadora_y_despojo | FI-1478,3,15min (0.25h),0.2066599853307196,0.2066599853307196,0.05808414295273457,0.05808414295273457,111335
tratadores_e_intercambiadores_de_propano | TI-2429,33,165min (2.75h),0.20633460246934346,0.20633460246934346,0.14986904034922743,0.14986904034922743,118215
psh | TI-4062,33,165min (2.75h),0.20366936451916237,0.20366936451916237,0.1499829556141451,0.1499829556141451,111092
tratamiento_de_efluentes | TI-1287,360,1800min (30.00h),0.19827316957657495,0.19827316957657495,0.021375991453665866,0.021375991453665866,119073
despropanizadora_y_despojo | PDI-2322,180,900min (15.00h),-0.19661699310805753,0.19661699310805753,-0.1500662583302347,0.1500662583302347,89223
reactor_de_alquilacion | TI-1927,30,150min (2.50h),0.19390675731999182,0.19390675731999182,0.17686866119957403,0.17686866119957403,116203
tratadores_e_intercambiadores_de_butano | TI-1945,0,0min (0.00h),0.19212676660141517,0.19212676660141517,0.19375949785195948,0.19375949785195948,118537
tratadores_e_intercambiadores_de_butano | TI-1945A,0,0min (0.00h),0.19212676660141517,0.19212676660141517,0.19375949785195948,0.19375949785195948,118537
tratadores_e_intercambiadores_de_propano | TI-2410B,0,0min (0.00h),0.19155625350169664,0.19155625350169664,0.1393370254858648,0.1393370254858648,117526
despropanizadora_y_despojo | FIC-2332,384,1920min (32.00h),0.18708727671753123,0.18708727671753123,-0.035274413132915745,0.035274413132915745,87639
isostripper | PDI-1092,456,2280min (38.00h),0.18015531981062793,0.18015531981062793,0.1547479809786575,0.1547479809786575,117494
tratadores_e_intercambiadores_de_butano | TI-1311,0,0min (0.00h),0.17844390500589938,0.17844390500589938,-0.08414617831094556,0.08414617831094556,118493
regenerador_de_acido | PI-2544,432,2160min (36.00h),0.1695486374510042,0.1695486374510042,0.3090444926908958,0.3090444926908958,107180
despropanizadora_y_despojo | LIC-2358,528,2640min (44.00h),0.1674083272343626,0.1674083272343626,0.20335727587232214,0.20335727587232214,108953
horno | PDI-2585,57,285min (4.75h),0.16651874897056057,0.16651874897056057,0.037072642661173764,0.037072642661173764,118152
tratadores_e_intercambiadores_de_butano | TDI-1217,51,255min (4.25h),-0.16537375109840888,0.16537375109840888,-0.1185860367668321,0.1185860367668321,95335
tratadores_e_intercambiadores_de_butano | TI-2134,30,150min (2.50h),0.1636260070339957,0.1636260070339957,0.0905539298291982,0.0905539298291982,118074
lab_carga_a_P201 | CARGA DE P-201 A/B IC-4,0,0min (0.00h),-0.1627822050659878,0.1627822050659878,-0.32144719852994436,0.32144719852994436,56835
lab_carga_a_P201 | Olefinas total,528,2640min (44.00h),0.15290456982709183,0.15290456982709183,0.16042008331937513,0.16042008331937513,56826
lab_carga_a_P201 | CARGA DE P-201 A/B C-4=,9,45min (0.75h),-0.15243091446688362,0.15243091446688362,-0.20434176461095957,0.20434176461095957,56835
horno | PIC-1507A,288,1440min (24.00h),0.15110839040894727,0.15110839040894727,0.029116137967474958,0.029116137967474958,118252
horno | PIC-1507B,288,1440min (24.00h),0.1510911294293902,0.1510911294293902,0.02889122071791782,0.02889122071791782,118285
tratamiento_de_efluentes | LI-1299,132,660min (11.00h),0.14910837275531744,0.14910837275531744,0.10022909247387482,0.10022909247387482,119267
lab_R-201 | EFLUENTE R-201 NC-4,144,720min (12.00h),-0.14405382400515637,0.14405382400515637,-0.03614647545719066,0.03614647545719066,56791
lab_R-202 | EFLUENTE DE R-202 NC-4,408,2040min (34.00h),-0.14230338580343496,0.14230338580343496,-0.10142847275259315,0.10142847275259315,56791
lab_carga_a_P201 | CARGA DE P-201 A/B NC-4,456,2280min (38.00h),-0.14085460881285383,0.14085460881285383,-0.09113067772760493,0.09113067772760493,56835
tratamiento_de_efluentes | PI-1837,21,105min (1.75h),-0.14079694150510128,0.14079694150510128,-0.05391331333739192,0.05391331333739192,100007
isostripper | PI-2542,0,0min (0.00h),0.14022916293213708,0.14022916293213708,-0.04838086663025208,0.04838086663025208,112943
reactor_de_alquilacion | LIC-1924,33,165min (2.75h),0.1400558365729417,0.1400558365729417,0.06371401360984086,0.06371401360984086,118328
regenerador_de_acido | TI-2540,576,2880min (48.00h),0.13891066064846871,0.13891066064846871,0.056847275307601634,0.056847275307601634,118854
tratamiento_de_efluentes | TI-2540,576,2880min (48.00h),0.1388099954285702,0.1388099954285702,0.05684110323963696,0.05684110323963696,118854
lab_carga_a_P201 | CARGA DE P-201 A/B C-3,0,0min (0.00h),0.13502430605259533,0.13502430605259533,0.295294885805907,0.295294885805907,56835
tratadores_e_intercambiadores_de_butano | LI-1959,576,2880min (48.00h),-0.1346842764429872,0.1346842764429872,0.05159653011282876,0.05159653011282876,116913
reactor_de_alquilacion | TI-1054,0,0min (0.00h),0.13197706542494125,0.13197706542494125,0.04090966693082757,0.04090966693082757,119194
tratamiento_de_efluentes | PI-1864,456,2280min (38.00h),0.12749155166082551,0.12749155166082551,0.24053461110390065,0.24053461110390065,112398
lab_isobutano_fresco_a_D02 | SUMA,63,315min (5.25h),-0.12573334828664154,0.12573334828664154,0.20298171989134417,0.20298171989134417,56802
reactor_de_alquilacion | TI-1906,0,0min (0.00h),0.12493815393698983,0.12493815393698983,0.0009248409173687257,0.0009248409173687257,117963
tratamiento_de_efluentes | LI-1833,0,0min (0.00h),-0.12169795054938916,0.12169795054938916,-0.022236377677196658,0.022236377677196658,118506
lab_R-201 | EFLUENTE DE R-201 C-4=,0,0min (0.00h),-0.121697720477701,0.121697720477701,-0.1488782698641343,0.1488782698641343,56791
tratamiento_de_efluentes | PI-1341,312,1560min (26.00h),-0.120209634099173,0.120209634099173,-0.18017304629056885,0.18017304629056885,40814
lab_R-202 | EFLUENTE DE R-202 C-4=,33,165min (2.75h),-0.11851596781603237,0.11851596781603237,-0.1618013977288248,0.1618013977288248,56791
lab_isobutano_fresco_a_D02 | n-BUTANO,576,2880min (48.00h),-0.11485252315883063,0.11485252315883063,-0.30316437449090955,0.30316437449090955,56745
tratadores_e_intercambiadores_de_propano | TDI-2410,51,255min (4.25h),-0.10996720377052552,0.10996720377052552,-0.06264983754750092,0.06264983754750092,107021
horno | AI-1512A,576,2880min (48.00h),-0.1091104855151736,0.1091104855151736,-0.11348597299235026,0.11348597299235026,108367
despropanizadora_y_despojo | PDI-2345,504,2520min (42.00h),-0.10586235360845853,0.10586235360845853,-0.17804333855527876,0.17804333855527876,80808
tratamiento_de_efluentes | LI-1272,8,40min (0.67h),-0.1058414042740131,0.1058414042740131,-0.1493772765268811,0.1493772765268811,93616
tratamiento_de_efluentes | PI-1846,168,840min (14.00h),-0.10085331038749334,0.10085331038749334,-0.04979981046344257,0.04979981046344257,108263
lab_carga_D03_a_E28 | N-BUTANO,576,2880min (48.00h),-0.09587213582213196,0.09587213582213196,-0.1537861071173731,0.1537861071173731,55132
tratamiento_de_efluentes | TI-1308,63,315min (5.25h),-0.09554714562755962,0.09554714562755962,-0.01016946631111386,0.01016946631111386,41181
regenerador_de_acido | LI-2702,576,2880min (48.00h),0.09398434477499823,0.09398434477499823,0.08490167702485674,0.08490167702485674,118657
tratamiento_de_efluentes | FIC-1201,36,180min (3.00h),0.0932328520040079,0.0932328520040079,0.37266718019598305,0.37266718019598305,41205
tratadores_e_intercambiadores_de_propano | TI-2411,30,150min (2.50h),0.09195624640382537,0.09195624640382537,0.1921390892530776,0.1921390892530776,118168
lab_carga_D03_a_E28 | BUTILENOS,120,600min (10.00h),-0.08929020111392896,0.08929020111392896,-0.1846448632477074,0.1846448632477074,55179
tratamiento_de_efluentes | LI-1842,0,0min (0.00h),-0.08834150040008101,0.08834150040008101,-0.01241833645368479,0.01241833645368479,100574
despropanizadora_y_despojo | PI-2388,0,0min (0.00h),0.08729038960825161,0.08729038960825161,0.04407427221221331,0.04407427221221331,107595
tratamiento_de_efluentes | LI-1851,432,2160min (36.00h),-0.08706921569706766,0.08706921569706766,-0.0002688395083164261,0.0002688395083164261,109514
horno | TI-1684,36,180min (3.00h),0.08540174524037453,0.08540174524037453,0.06299408666797031,0.06299408666797031,94597
tratamiento_de_efluentes | LI-1285,456,2280min (38.00h),0.08431926745133816,0.08431926745133816,0.13907505617918706,0.13907505617918706,118980
despropanizadora_y_despojo | LIC-2355,0,0min (0.00h),-0.08276290852103535,0.08276290852103535,0.12113374698038952,0.12113374698038952,76703
tratadores_e_intercambiadores_de_butano | LI-1214,0,0min (0.00h),0.08038684899731134,0.08038684899731134,0.2067151225600908,0.2067151225600908,117210
lab_R-201 | EFLUENTE DE R-201 IC-4=,156,780min (13.00h),-0.07950505360328404,0.07950505360328404,0.01325549602137527,0.01325549602137527,56791
lab_isobutano_fresco_a_D02 | H-2S,480,2400min (40.00h),0.0787166368082884,0.0787166368082884,0.11507416228992239,0.11507416228992239,56691
lab_R-201 | EFLUENTE DE R-201 IC-4,552,2760min (46.00h),-0.07824956396102141,0.07824956396102141,-0.23134504980172574,0.23134504980172574,56758
tratadores_e_intercambiadores_de_propano | FI-2423A,264,1320min (22.00h),0.07581357103238572,0.07581357103238572,0.09663014808960316,0.09663014808960316,116034
lab_isobutano_fresco_a_D02 | AZUFRE,576,2880min (48.00h),0.0689857055688138,0.0689857055688138,0.034735673843800406,0.034735673843800406,56634
isostripper | LIC-2311,576,2880min (48.00h),-0.06880547352288463,0.06880547352288463,0.10921557983858142,0.10921557983858142,117072
despropanizadora_y_despojo | TI-2359,576,2880min (48.00h),-0.06848196423581883,0.06848196423581883,-0.048337470062442975,0.048337470062442975,118876
tratamiento_de_efluentes | FI-1339,576,2880min (48.00h),0.06837143536630301,0.06837143536630301,0.028299566001975775,0.028299566001975775,115088
lab_R-202 | EFLUENTE DE R-202 1C-4=,15,75min (1.25h),0.0670260891650406,0.0670260891650406,0.19851439284896819,0.19851439284896819,56791
lab_isobutano_reciclo | CARGA DE D-03A/B IC-4,0,0min (0.00h),-0.06492902981903463,0.06492902981903463,-0.32407232785702333,0.32407232785702333,55314
lab_carga_D03_a_E28 | ISOBUTANO,0,0min (0.00h),-0.0644493059108459,0.0644493059108459,-0.3226332495833828,0.3226332495833828,55179
isostripper | TI-2316,384,1920min (32.00h),-0.06442162000138153,0.06442162000138153,-0.04774444143281454,0.04774444143281454,119080
reactor_de_alquilacion | AI-1912,456,2280min (38.00h),0.06105010063188181,0.06105010063188181,0.06353343279649305,0.06353343279649305,118911
lab_isobutano_reciclo | IC-4 DE RECICLO SUMA,30,150min (2.50h),0.05714180610258816,0.05714180610258816,-0.004547060671781986,0.004547060671781986,55698
regenerador_de_acido | FI-1170,228,1140min (19.00h),0.05579382203520394,0.05579382203520394,-0.015130522138285595,0.015130522138285595,98551
horno | poder-calorico,51,255min (4.25h),-0.05308826914829676,0.05308826914829676,-0.11120627168907045,0.11120627168907045,118412
reactor_de_alquilacion | AI-1050,432,2160min (36.00h),0.052085567485367405,0.052085567485367405,0.004103514014147471,0.004103514014147471,118958
tratamiento_de_efluentes | FI-1294,216,1080min (18.00h),0.05064742607883697,0.05064742607883697,0.03270126343152203,0.03270126343152203,119220
lab_R-201 | EFLUENTE DE R-201 transC-4=,168,840min (14.00h),0.050137871999103585,0.050137871999103585,-0.166280200930551,0.166280200930551,56791
lab_isobutano_reciclo | Relacion 1 Ol/iso,54,270min (4.50h),-0.0472425993705349,0.0472425993705349,-0.0656406660668579,0.0656406660668579,55237
lab_carga_a_P201 | CARGA DE P-201 A/B-oxigenados,528,2640min (44.00h),0.045872726984505556,0.045872726984505556,0.01848521612971403,0.01848521612971403,56671
lab_R-202 | Relacion 2C-4=/1C-4=,0,0min (0.00h),-0.0448523155943546,0.0448523155943546,-0.23353845597110412,0.23353845597110412,56680
tratamiento_de_efluentes | LI-1725,552,2760min (46.00h),0.0444098009769465,0.0444098009769465,-0.00011890255304481823,0.00011890255304481823,116022
tratamiento_de_efluentes | FIC-1203,144,720min (12.00h),-0.04349771395999149,0.04349771395999149,-0.05230656496386351,0.05230656496386351,41114
despropanizadora_y_despojo | TI-2338,312,1560min (26.00h),-0.04200432864401976,0.04200432864401976,-0.007751284521421828,0.007751284521421828,119159
"lab_isobutano_reciclo | IC-4 DE RECICLO 1,3-Butadieno",336,1680min (28.00h),0.0409414547973417,0.0409414547973417,0.13211575122991553,0.13211575122991553,55698
regenerador_de_acido | PI-2543,156,780min (13.00h),0.040782142562084026,0.040782142562084026,0.14018946083897718,0.14018946083897718,117038
despropanizadora_y_despojo | TI-2385,0,0min (0.00h),0.04071755822096244,0.04071755822096244,0.04555087281307734,0.04555087281307734,119465
lab_R-201 | EFLUENTE DE R-201 cisC-4=,0,0min (0.00h),-0.04043792211016087,0.04043792211016087,-0.20880023841517362,0.20880023841517362,56791
"lab_R-201 | EFLUENTE DE R-202 1,3-BUTADIENO",2,10min (0.17h),0.04039756690357842,0.04039756690357842,0.2322433096811405,0.2322433096811405,56791
"lab_R-202 | EFLUENTE DE R-202 1,3-BUTADIENO",2,10min (0.17h),0.04039756690024489,0.04039756690024489,0.2322433096811405,0.2322433096811405,56791
lab_carga_a_P201 | CARGA DE P-201 A/B transC-4=,168,840min (14.00h),0.040220097740986664,0.040220097740986664,-0.02517282004852255,0.02517282004852255,56835
lab_R-202 | EFLUENTE DE R-202 Olefinas Totales,384,1920min (32.00h),0.03564220171637416,0.03564220171637416,0.17286714969204775,0.17286714969204775,56791
tratamiento_de_efluentes | LI-1279,552,2760min (46.00h),-0.03465122891562964,0.03465122891562964,-0.018111309641539376,0.018111309641539376,115381
lab_R-201 | EFLUENTE DE R-201 Olefinas Totales,96,480min (8.00h),0.033769217109963535,0.033769217109963535,0.09464323722971264,0.09464323722971264,56791
lab_isobutano_reciclo | CARGA DE D-03A/B-OLEFINAS TOTALES,312,1560min (26.00h),0.03131052710842521,0.03131052710842521,0.034335229709085396,0.034335229709085396,55315
lab_carga_D03_a_E28 | OLEFINAS,312,1560min (26.00h),0.030916458556532897,0.030916458556532897,0.03537430019148293,0.03537430019148293,55189
lab_carga_a_P201 | CARGA DE P-201 A/B cisC-4=,6,30min (0.50h),-0.02989085817576213,0.02989085817576213,-0.12247687690815874,0.12247687690815874,56835
lab_R-202 | EFLUENTE DE R-202 transC-4=,384,1920min (32.00h),0.02900323872456916,0.02900323872456916,-0.16308616017426927,0.16308616017426927,56791
lab_carga_D03_a_E28 | Relacion HF/HC,4,20min (0.33h),-0.028634100338871357,0.028634100338871357,0.17616457200999713,0.17616457200999713,53374
lab_R-202 | EFLUENTE DE R-202 cisC-4=,204,1020min (17.00h),-0.02783259548999547,0.02783259548999547,-0.15332028292083594,0.15332028292083594,56791
lab_isobutano_reciclo | ALK.IC-4 DE RECICLO C-4= Butilenos,84,420min (7.00h),0.024516046687325366,0.024516046687325366,-0.2133768591442845,0.2133768591442845,55698
lab_R-202 | EFLUENTE DE R-202 H-2S,576,2880min (48.00h),-0.023583571633969163,0.023583571633969163,0.2943880038521094,0.2943880038521094,37133
tratamiento_de_efluentes | PI-2546,42,210min (3.50h),-0.016814071424276683,0.016814071424276683,0.0651389074262433,0.0651389074262433,118810
despropanizadora_y_despojo | PI-2546,42,210min (3.50h),-0.0168133200328706,0.0168133200328706,0.06513949685642616,0.06513949685642616,118810
lab_carga_a_P201 | CARGA DE P-201 A/B 1C-4=,57,285min (4.75h),0.016608824088216047,0.016608824088216047,-0.0427940818289061,0.0427940818289061,56835
tratamiento_de_efluentes | AI-1193,360,1800min (30.00h),-0.01243371277637001,0.01243371277637001,-0.02296517721075758,0.02296517721075758,97345
regenerador_de_acido | AI-1193,360,1800min (30.00h),-0.012433189872332747,0.012433189872332747,-0.022990747850621766,0.022990747850621766,97345
lab_isobutano_reciclo | Relacion 2 Ol/iso,48,240min (4.00h),0.007916748883665633,0.007916748883665633,-0.014597597093424649,0.014597597093424649,55042
