feature,best_lag_steps,best_lag_label,pearson,abs_pearson,spearman,abs_spearman,samples,mutual_information,transfer_entropy,importance_mean,pearson_score,spearman_score,mi_score,te_score,rf_score,consensus_score
tratadores_e_intercambiadores_de_butano | AI-1224A,7,35min (0.58h),-0.8074152799558487,0.8074152799558487,-0.8533409256876053,0.8533409256876053,119333,1.8077539144550263,0.22448022771814471,1.4763528666515788,1.0,1.0,1.0,0.9091288594622625,1.0,0.9863693289193395
debutanizadora_y_tratamiento_de_alquilato | TI-2105,24,120min (2.00h),0.6775881947130982,0.6775881947130982,0.8513714656094477,0.8513714656094477,116375,0.836993739092482,0.24691794279957383,-0.019649520667645873,0.8376826677187105,0.9976910178245882,0.46300203384972666,1.0,0.0,0.6016747263733112
debutanizadora_y_tratamiento_de_alquilato | TI-2102,24,120min (2.00h),0.638851804501818,0.638851804501818,0.7664916786999194,0.7664916786999194,116262,0.7003094226791067,0.17429298723118256,0.0012077458911791406,0.7892521918319144,0.8981785081776885,0.3873920100957022,0.7058741266634406,0.013942000852151302,0.5188848454163263
isostripper | TI-1565,24,120min (2.00h),0.6644481112159949,0.6644481112159949,0.5286870878064351,0.5286870878064351,118200,0.418889931458863,0.07236465583555277,0.002631116018065635,0.821254175195635,0.6193779538055565,0.23171844801959313,0.2930716780444425,0.014893449953403817,0.3922480406686782
isostripper | TI-1567,27,135min (2.25h),0.6365497593861906,0.6365497593861906,0.5171962486588688,0.5171962486588688,116432,0.46083652494216576,0.049659985344448265,0.0003595717003272436,0.7863740418583466,0.6059061687886834,0.25492215575209615,0.20111938719964897,0.01337504039938639,0.37197553511310233
debutanizadora_y_tratamiento_de_alquilato | TI-1567,27,135min (2.25h),0.63707381755085,0.63707381755085,0.5182453462493495,0.5182453462493495,114608,0.46089120321394805,0.045043425093872075,0.00043527918522044684,0.7870292496918174,0.6071361239746516,0.25495240227588745,0.1824226485251189,0.013425646926177344,0.3695380204846418
tratadores_e_intercambiadores_de_propano | TI-2405,48,240min (4.00h),0.682695835209628,0.682695835209628,0.28508716517319943,0.28508716517319943,119286,0.3470757882316349,0.01863636481816652,0.15911441508058144,0.8440685353371541,0.33378299022651053,0.19199282903296377,0.07547594397906464,0.11949441876798404,0.3406781444637136
debutanizadora_y_tratamiento_de_alquilato | FIC-2100,63,315min (5.25h),0.6613330527158986,0.6613330527158986,0.4081983882935867,0.4081983882935867,117469,0.4108442567508641,0.025832108854317515,-0.004866528632623421,0.8173595488571452,0.4781177868191008,0.22726780092450752,0.10461819243037246,0.00988166339862129,0.3396742601362641
tratadores_e_intercambiadores_de_propano | TI-2401,66,330min (5.50h),0.6860959962415706,0.6860959962415706,0.41038996545340944,0.41038996545340944,119211,0.3464372182954296,0.020144849380707618,-8.25252360932699e-05,0.8483196133537311,0.4806871776151833,0.19163958961741104,0.0815851985169803,0.013079521528448802,0.3380185580638517
isostripper | TI-1571,24,120min (2.00h),0.6120449928504493,0.6120449928504493,0.5546725692194725,0.5546725692194725,118173,0.4307819570215212,,,0.7557367651697409,0.6498431630614475,0.23829679115997748,0.0,0.01313468536828809,0.3373536953257199
tratadores_e_intercambiadores_de_propano | TI-2403,51,255min (4.25h),0.7141779157866999,0.7141779157866999,0.3583728965879539,0.3583728965879539,119296,0.3248328230229056,0.019579920742028,0.0005884376576772571,0.8834292536678482,0.419702704682959,0.1796886293125971,0.0792972779540823,0.013528025420860942,0.3350270430302529
isostripper | FIC-2100,63,315min (5.25h),0.658286445301671,0.658286445301671,0.4038804642316367,0.4038804642316367,119257,0.39293285174190906,0.024062126452592644,-0.005755714987119118,0.8135505040260056,0.473055480756441,0.21735970178239905,0.09744989035537265,0.009287288441714246,0.33475719414018185
reactor_de_alquilacion | FIC-1903C,63,315min (5.25h),0.6386689167510469,0.6386689167510469,0.422250990977522,0.422250990977522,118686,0.39614798888488334,0.020648853567699993,-0.003659842956777251,0.789023534986106,0.4945929667301873,0.2191382276742617,0.08362637941002493,0.01068827018352656,0.3304884987482923
debutanizadora_y_tratamiento_de_alquilato | FIC-1238,63,315min (5.25h),0.6212643121130125,0.6212643121130125,0.4272822411186878,0.4272822411186878,117485,0.3950215758197624,0.023167792690098644,0.000636890287801728,0.7672632914362028,0.5004915716447164,0.218515126788619,0.09382790261177662,0.013560413490916964,0.3280568727279776
horno | FIC-1903C-F-2-OLEFINAS,63,315min (5.25h),0.6309810449300838,0.6309810449300838,0.4135681413190971,0.4135681413190971,117563,0.3799322024272218,0.019745857690543017,-0.003717492409032963,0.779411712903172,0.4844132503117476,0.2101680983176064,0.07996931072186585,0.010649734514904387,0.32420636567308236
debutanizadora_y_tratamiento_de_alquilato | TIC-2103,24,120min (2.00h),0.5935013626615915,0.5935013626615915,0.7535494381464514,0.7535494381464514,100645,,,,0.7325524459852026,0.8830051096004483,0.0,0.0,0.01313468536828809,0.31887254927843994
tratadores_e_intercambiadores_de_propano | TI-2404,60,300min (5.00h),0.6727483912269565,0.6727483912269565,0.33507421332511156,0.33507421332511156,118354,0.28790055256020164,0.01840618528959385,-0.0009300705857573921,0.8316316654246413,0.39238748008861696,0.1592587078684288,0.0745437333589579,0.012512981423400649,0.31292758530283243
reactor_de_alquilacion | FI-1903B,63,315min (5.25h),0.6067794636090096,0.6067794636090096,0.43073357232706366,0.43073357232706366,118447,0.40898876672379014,,,0.7491534959087732,0.5045378898869409,0.2262413946132075,0.0,0.01313468536828809,0.311501007724948
reactor_de_alquilacion | FI-1059A,57,285min (4.75h),0.6172808764054756,0.6172808764054756,0.4068516930600478,0.4068516930600478,118505,0.361724782566327,,0.0289886402652188,0.7622829696785939,0.4765389300936261,0.2000962518592439,0.0,0.032512087778163425,0.31019885425008203
tratadores_e_intercambiadores_de_propano | TIC-2400,69,345min (5.75h),0.659359337353698,0.659359337353698,0.34623689011196357,0.34623689011196357,114105,0.28893615378631754,0.01586550561055766,-0.003011789649254651,0.8148918957347172,0.40547452968996484,0.15983157412961352,0.06425416245848069,0.011121460205825846,0.3089289576333253
horno | FI-1238-ALQUILATO,63,315min (5.25h),0.6047639261963299,0.6047639261963299,0.4128326341104505,0.4128326341104505,118190,0.39063105136874476,,,0.7466335544394906,0.48355094644812197,0.2160864088000087,0.0,0.01313468536828809,0.30569198367916467
reactor_de_alquilacion | PI-1053,57,285min (4.75h),0.6515925908275622,0.6515925908275622,0.17126957175178512,0.17126957175178512,119370,0.4805049686686482,0.024374375988494776,-0.0035809868169447145,0.8051814599325876,0.20034398459601965,0.26580220063498156,0.09871447863260283,0.01074098142282735,0.30199981995014347
reactor_de_alquilacion | PI-1053.1,57,285min (4.75h),0.6515925908275622,0.6515925908275622,0.17126957175178512,0.17126957175178512,119370,0.4805049686686482,0.024374375988494776,-0.0037961023842554564,0.8051814599325876,0.20034398459601965,0.26580220063498156,0.09871447863260283,0.010597187823877136,0.3019638715504059
horno | FI-1059A-F-1-OLEFINAS,60,300min (5.00h),0.6097363431910139,0.6097363431910139,0.39953054366783763,0.39953054366783763,117375,0.3600767025016385,,,0.7528503578134409,0.4679556622032949,0.19918457906378748,0.0,0.01313468536828809,0.30152652593868395
horno | FI-1000-ISOBUTANO-REPOSICION,72,360min (6.00h),0.6185432960415134,0.6185432960415134,0.35808769352593484,0.35808769352593484,118077,0.38231504259772464,,0.0016753562173934256,0.7638613197367349,0.41936833446958005,0.21148622029839667,0.0,0.014254574100815846,0.299731467689504
tratadores_e_intercambiadores_de_propano | TI-2406,54,270min (4.50h),0.6440811408345882,0.6440811408345882,0.30267880133812386,0.30267880133812386,119270,0.2991867541027089,0.018274785715185694,-0.0029009795939699268,0.7957902106247554,0.35440730995333447,0.16550192573799685,0.07401157448496787,0.011195530980193586,0.299109653214582
psh | LI-4040,108,540min (9.00h),0.6195808213092888,0.6195808213092888,0.39183258015784905,0.39183258015784905,81412,0.2725387284885379,,0.0002310129606754724,0.7651584938458574,0.45893061989415557,0.15076096713677903,0.0,0.01328910555012312,0.2936036862604743
tratadores_e_intercambiadores_de_propano | PIC-2417,66,330min (5.50h),0.6481234006842809,0.6481234006842809,0.19671282065817036,0.19671282065817036,119315,0.2932923852924674,0.013977128615447757,0.001898343812368461,0.8008440777277798,0.2301734839907797,0.16224132219947904,0.056606370752056503,0.014403629741946622,0.2792771695187528
psh | TIC-4017,72,360min (6.00h),0.6150315754311784,0.6150315754311784,0.14120642449254897,0.14120642449254897,117583,0.48223767643632875,,,0.7594707634816901,0.16509814644565227,0.26676068716006973,0.0,0.01313468536828809,0.27126822161135633
psh | TI-4063,72,360min (6.00h),0.6176609679182057,0.6176609679182057,0.13068764774409333,0.13068764774409333,115821,0.4775773761502382,,0.0003864045191842025,0.7627581820755583,0.1527660010578465,0.26418273656135927,0.0,0.01339297674700482,0.26978923717658965
tratadores_e_intercambiadores_de_butano | TI-1962,21,105min (1.75h),0.5150088002455625,0.5150088002455625,0.5866279962554782,0.5866279962554782,118212,,,,0.6344165037704492,0.6873074977042852,0.0,0.0,0.01313468536828809,0.2649839219403271
horno | FI-1903B-F-2-OLEFINAS,63,315min (5.25h),0.5983878619248384,0.5983878619248384,0.4224256774792881,0.4224256774792881,117324,,,,0.7386618300410925,0.49479776804773434,0.0,0.0,0.01313468536828809,0.26216879405950533
reactor_de_alquilacion | FIC-1059C,57,285min (4.75h),0.5876102299070541,0.5876102299070541,0.38439680531888637,0.38439680531888637,118183,,,,0.7251870110218938,0.4502129658762072,0.0,0.0,0.01313468536828809,0.25211236897897654
isostripper | FI-2315,96,480min (8.00h),0.5783956359694883,0.5783956359694883,0.3680318311614017,0.3680318311614017,115258,,,,0.7136663926300968,0.43102677670193695,0.0,0.0,0.01313468536828809,0.24635428600488676
debutanizadora_y_tratamiento_de_alquilato | TI-2101,108,540min (9.00h),0.5953520197371671,0.5953520197371671,0.3280068984384302,0.3280068984384302,116312,,,,0.7348662445189466,0.3841018061202294,0.0,0.0,0.01313468536828809,0.24461550338984306
tratadores_e_intercambiadores_de_propano | FIC-2415,63,315min (5.25h),0.6102793986285913,0.6102793986285913,0.08217917455076529,0.08217917455076529,118757,0.3143416146725624,,,0.7535293171364787,0.09589498285238546,0.17388517992357672,0.0,0.01313468536828809,0.24082728403876488
tratadores_e_intercambiadores_de_butano | PIC-1218,0,0min (0.00h),0.4812787234052257,0.4812787234052257,0.4662452922418912,0.4662452922418912,12129,,,,0.5922452104680594,0.5461715991511849,0.0,0.0,0.01313468536828809,0.23327071383176462
psh | TI-4135,48,240min (4.00h),0.5677020071984065,0.5677020071984065,0.3029274146681224,0.3029274146681224,116427,,,,0.7002965993293928,0.35469878260307375,0.0,0.0,0.01313468536828809,0.2315626385648813
tratadores_e_intercambiadores_de_butano | FI-1223,4,20min (0.33h),0.5636651725719601,0.5636651725719601,0.30408477764813935,0.30408477764813935,119539,,,,0.6952495151543124,0.3560556674269796,0.0,0.0,0.01313468536828809,0.23050440024469707
debutanizadora_y_tratamiento_de_alquilato | TI-2106,96,480min (8.00h),0.5704287745567485,0.5704287745567485,0.2625859936228766,0.2625859936228766,116364,,,,0.7037057616203755,0.3074027631725158,0.0,0.0,0.01313468536828809,0.22532052622304327
psh | TI-4043C,72,360min (6.00h),0.5897057842968728,0.5897057842968728,0.22481394468917137,0.22481394468917137,115503,,,,0.7278069943448631,0.26311905888017423,0.0,0.0,0.01313468536828809,0.22470327876031393
psh | FIC-4061,69,345min (5.75h),0.5065196228870283,0.5065196228870283,0.37149984462673713,0.37149984462673713,117593,,,,0.6238028431500668,0.4350926531136275,0.0,0.0,0.01313468536828809,0.22449828009663286
horno | TI-1508,108,540min (9.00h),0.5526563083442018,0.5526563083442018,0.27828725590267145,0.27828725590267145,117180,,,,0.6814855962497521,0.32581082086182167,0.0,0.0,0.01313468536828809,0.2225266935337833
debutanizadora_y_tratamiento_de_alquilato | PI-2110B,84,420min (7.00h),0.5500489014422386,0.5500489014422386,0.2822146636552678,0.2822146636552678,114594,,,,0.6782256653061656,0.3304152881454652,0.0,0.0,0.01313468536828809,0.2224023808904332
reactor_de_alquilacion | FI-1903A,69,345min (5.75h),0.49128850106506994,0.49128850106506994,0.3824963518856937,0.3824963518856937,118429,,,,0.6047600135496876,0.44798488664215297,0.0,0.0,0.01313468536828809,0.22167140772581684
psh | TI-4043A,72,360min (6.00h),0.5757476964285112,0.5757476964285112,0.23104810213619018,0.23104810213619018,115497,,,,0.71035578543646,0.27042794448974816,0.0,0.0,0.01313468536828809,0.22143680937464927
tratadores_e_intercambiadores_de_butano | TI-1976,27,135min (2.25h),0.48582192403958385,0.48582192403958385,0.38402366733512805,0.38402366733512805,119249,,,,0.597925382718779,0.44977550133299443,0.0,0.0,0.01313468536828809,0.22023134222171595
isostripper | PIC-1921,72,360min (6.00h),0.5713996278883327,0.5713996278883327,0.2318594539966889,0.2318594539966889,119314,,,,0.7049195786179957,0.2713791681294937,0.0,0.0,0.01313468536828809,0.220220441215995
reactor_de_alquilacion | PI-1921,72,360min (6.00h),0.5713996278883327,0.5713996278883327,0.2318594539966889,0.2318594539966889,119314,,,,0.7049195786179957,0.2713791681294937,0.0,0.0,0.01313468536828809,0.220220441215995
reactor_de_alquilacion | PI-1905,60,300min (5.00h),0.6007798532702888,0.6007798532702888,0.17478886216632455,0.17478886216632455,117443,,,,0.7416524359944456,0.20446997776916917,0.0,0.0,0.01313468536828809,0.21936727700605882
psh | TI-4043B,72,360min (6.00h),0.574337971966192,0.574337971966192,0.21002246966197088,0.21002246966197088,116382,,,,0.7085932663631289,0.24577762984354065,0.0,0.0,0.01313468536828809,0.21729863240938535
tratadores_e_intercambiadores_de_butano | TI-1975,0,0min (0.00h),0.4733843940345768,0.4733843940345768,0.38696602910349837,0.38696602910349837,118354,,,,0.582375263213235,0.4532251071168981,0.0,0.0,0.01313468536828809,0.2168612532129155
horno | FI-1903A-F-2-OLEFINAS,69,345min (5.75h),0.4785990816458588,0.4785990816458588,0.3731874178889238,0.3731874178889238,117312,,,,0.5888949673270638,0.4370711530209399,0.0,0.0,0.01313468536828809,0.21606808612697898
debutanizadora_y_tratamiento_de_alquilato | PDI-2110,96,480min (8.00h),-0.5289529842491917,0.5289529842491917,-0.2806546232612463,0.2806546232612463,113860,,,,0.651850329262845,0.3285863069426131,0.0,0.0,0.01313468536828809,0.21553419969917526
debutanizadora_y_tratamiento_de_alquilato | TI-2104,96,480min (8.00h),0.5403481286734453,0.5403481286734453,0.2574146384970628,0.2574146384970628,116359,,,,0.6660971980148195,0.3013399000860002,0.0,0.0,0.01313468536828809,0.2150089558586769
isostripper | TI-1497,96,480min (8.00h),0.5536459950876703,0.5536459950876703,0.2258174316675623,0.2258174316675623,118264,,,,0.682722959868396,0.2642955404814311,0.0,0.0,0.01313468536828809,0.2136087423813857
despropanizadora_y_despojo | PIC-1150,84,420min (7.00h),0.5882998332637704,0.5882998332637704,0.16031992030083694,0.16031992030083694,119257,,,,0.7260491930310263,0.18750668451179486,0.0,0.0,0.01313468536828809,0.21292197227659784
horno | TI-1497,108,540min (9.00h),0.5521809824236921,0.5521809824236921,0.22443464054819046,0.22443464054819046,117172,,,,0.6808913162870076,0.26267436517437237,0.0,0.0,0.01313468536828809,0.21290765518997978
debutanizadora_y_tratamiento_de_alquilato | TI-1228,42,210min (3.50h),0.4900021110160068,0.4900021110160068,0.3340023485106662,0.3340023485106662,116754,,,,0.6031516942945283,0.391130832757476,0.0,0.0,0.01313468536828809,0.2127412198293255
regenerador_de_acido | FIC-2336,84,420min (7.00h),0.5087915791673051,0.5087915791673051,0.29389129034466327,0.29389129034466327,119227,,,,0.6266433743210834,0.3441048892669929,0.0,0.0,0.01313468536828809,0.2115602483123918
horno | FI-1499B,96,480min (8.00h),0.541804208050037,0.541804208050037,0.2340630124438068,0.2340630124438068,117371,,,,0.6679176726835394,0.27396260570880876,0.0,0.0,0.01313468536828809,0.2113574803692782
tratadores_e_intercambiadores_de_butano | TI-1977,4,20min (0.33h),0.5024752107978263,0.5024752107978263,0.29802024089042806,0.29802024089042806,118264,,,,0.6187462851927039,0.34894564400940226,0.0,0.0,0.01313468536828809,0.21031208924165834
reactor_de_alquilacion | FI-1059B,57,285min (4.75h),0.47759940948478313,0.47759940948478313,0.34114540602370225,0.34114540602370225,119366,,,,0.5876451193616854,0.3995053068879544,0.0,0.0,0.01313468536828809,0.21012074721568652
despropanizadora_y_despojo | PIC-2350,84,420min (7.00h),0.4858927893625886,0.4858927893625886,0.3249466594181131,0.3249466594181131,117090,,,,0.598013982645057,0.3805140018134665,0.0,0.0,0.01313468536828809,0.20986426727535626
horno | TI-1514,96,480min (8.00h),0.5095274279007215,0.5095274279007215,0.2684731983966745,0.2684731983966745,94338,,,,0.6275633749753952,0.31430488372649745,0.0,0.0,0.01313468536828809,0.20732024764489543
despropanizadora_y_despojo | TI-2340,0,0min (0.00h),0.49052127612695,0.49052127612695,0.2950677283748745,0.2950677283748745,119639,,,,0.603800784549187,0.34548413755557733,0.0,0.0,0.01313468536828809,0.20605648811270535
horno | TI-1511,108,540min (9.00h),0.5362202377081916,0.5362202377081916,0.21376444282825288,0.21376444282825288,116951,,,,0.6609362699374833,0.2501646948252775,0.0,0.0,0.01313468536828809,0.20604244305023448
isostripper | TI-1087,27,135min (2.25h),0.5117420471715382,0.5117420471715382,0.256151137364425,0.256151137364425,119353,,,,0.6303322201003208,0.29985857958286904,0.0,0.0,0.01313468536828809,0.20584551330458256
horno | FI-1059B-F-1-OLEFINAS,57,285min (4.75h),0.4664136104331367,0.4664136104331367,0.3319307102753497,0.3319307102753497,118237,,,,0.5736599863048742,0.388702057575741,0.0,0.0,0.01313468536828809,0.20500397655465175
tratadores_e_intercambiadores_de_butano | PI-1219,54,270min (4.50h),0.5128744888690724,0.5128744888690724,0.24752097477779417,0.24752097477779417,119394,,,,0.6317480642207072,0.28974063314443366,0.0,0.0,0.01313468536828809,0.20468178236891388
horno | FIC-1499A,96,480min (8.00h),0.5353126725751542,0.5353126725751542,0.20393865745167783,0.20393865745167783,118254,,,,0.659801579506818,0.23864500801083016,0.0,0.0,0.01313468536828809,0.20403081742040102
psh | PIC-4080,576,2880min (48.00h),0.5341554648994695,0.5341554648994695,0.20576389588530003,0.20576389588530003,117602,,,,0.6583547715278715,0.2407849056690008,0.0,0.0,0.01313468536828809,0.20399010007439
tratadores_e_intercambiadores_de_butano | FIC-2121,6,30min (0.50h),0.4265385757077389,0.4265385757077389,0.39683625913428777,0.39683625913428777,118745,,,,0.5238059111775751,0.4647969005546334,0.0,0.0,0.01313468536828809,0.20395468421966081
horno | FIC-1500A,96,480min (8.00h),0.53543641695019,0.53543641695019,0.20281496366126106,0.20281496366126106,118245,,,,0.6599562918829223,0.23732759672564166,0.0,0.0,0.01313468536828809,0.20387188382164884
horno | FI-1500B,96,480min (8.00h),0.5334852322024561,0.5334852322024561,0.20489940019959396,0.20489940019959396,117350,,,,0.6575168078380644,0.2397713765545224,0.0,0.0,0.01313468536828809,0.2036285797847665
psh | TI-4115,192,960min (16.00h),0.5290770193192568,0.5290770193192568,0.21050649365658344,0.21050649365658344,115741,,,,0.6520054050826914,0.24634509642406532,0.0,0.0,0.01313468536828809,0.20323678707635467
tratadores_e_intercambiadores_de_butano | TI-1978,42,210min (3.50h),0.4787014808802878,0.4787014808802878,0.29243173841571773,0.29243173841571773,118337,,,,0.5890229927735959,0.34239372008646524,0.0,0.0,0.01313468536828809,0.20189847754844079
psh | TI-4070,108,540min (9.00h),0.525203274436852,0.525203274436852,0.20562577841666663,0.20562577841666663,115808,,,,0.6471622251401198,0.24062297764785207,0.0,0.0,0.01313468536828809,0.20116767427427978
horno | TI-1105A,108,540min (9.00h),0.5365542758346246,0.5365542758346246,0.1853015991886816,0.1853015991886816,95454,,,,0.6613539037267767,0.21679504222141263,0.0,0.0,0.01313468536828809,0.2011414036069781
tratadores_e_intercambiadores_de_butano | FIC-1982,51,255min (4.25h),0.4783939008974926,0.4783939008974926,0.2857869217490657,0.2857869217490657,111577,,,,0.5886384384860442,0.3346033802809837,0.0,0.0,0.01313468536828809,0.20063378800573065
lab_carga_D03_a_E28 | FIC-1903C_OLEFINAS_2,60,300min (5.00h),0.4298670959329989,0.4298670959329989,0.3669799796802139,0.3669799796802139,54974,,,,0.5279674197133195,0.4297935928724302,0.0,0.0,0.01313468536828809,0.19974456520126643
horno | FI-1501B,108,540min (9.00h),0.5173071192678227,0.5173071192678227,0.21023960115568763,0.21023960115568763,118261,,,,0.6372899951665402,0.2460321933933545,0.0,0.0,0.01313468536828809,0.19951099914271025
reactor_de_alquilacion | FIC-1900,108,540min (9.00h),0.5142163188593699,0.5142163188593699,0.21518066581644488,0.21518066581644488,117870,,,,0.6334256976975189,0.25182506543771593,0.0,0.0,0.01313468536828809,0.19941385558210914
tratadores_e_intercambiadores_de_butano | PI-1984,84,420min (7.00h),0.4747685116477683,0.4747685116477683,0.2845485416077425,0.2845485416077425,119379,,,,0.584105767122467,0.3331515114645444,0.0,0.0,0.01313468536828809,0.19928283984237044
debutanizadora_y_tratamiento_de_alquilato | PIC-2124,84,420min (7.00h),0.5478991741024329,0.5478991741024329,0.15421312711750432,0.15421312711750432,117550,,,,0.6755379518272951,0.18034711993588767,0.0,0.0,0.01313468536828809,0.19922022728927896
lab_isobutano_reciclo | FIC-1903C-Olefinas 2,60,300min (5.00h),0.42455494378024683,0.42455494378024683,0.37253459774680686,0.37253459774680686,55493,,,,0.5213258597915607,0.4363057909358613,0.0,0.0,0.01313468536828809,0.1990610049303414
horno | TI-2581,96,480min (8.00h),0.47556577714914383,0.47556577714914383,0.2804355403874629,0.2804355403874629,117038,,,,0.5851025545729532,0.3283294556075116,0.0,0.0,0.01313468536828809,0.19880872832643706
isostripper | TI-1112,60,300min (5.00h),0.5229494235904005,0.5229494235904005,0.1947304645011345,0.1947304645011345,119409,,,,0.6443443304298451,0.22784938253643827,0.0,0.0,0.01313468536828809,0.19854716132999903
isostripper | TI-1108,96,480min (8.00h),0.5485130088552863,0.5485130088552863,0.148816499019886,0.148816499019886,118154,,,,0.6763054035447731,0.17402014828364512,0.0,0.0,0.01313468536828809,0.19846304447081206
horno | FIC-1502A,96,480min (8.00h),0.5123472673087603,0.5123472673087603,0.21111324990120384,0.21111324990120384,118205,,,,0.6310889013269935,0.24705645349557237,0.0,0.0,0.01313468536828809,0.19811436469815624
reactor_de_alquilacion | TI-1358,72,360min (6.00h),0.4836763139334934,0.4836763139334934,0.2618554977295284,0.2618554977295284,118277,,,,0.5952428168436754,0.3065463345423247,0.0,0.0,0.01313468536828809,0.1980763257343396
regenerador_de_acido | TI-1628,96,480min (8.00h),0.5359360233769428,0.5359360233769428,0.15988953155398872,0.15988953155398872,118106,,,,0.6605809287391644,0.1870020995466099,0.0,0.0,0.01313468536828809,0.1964792184588546
horno | TI-1515A-T-CONTROL-H-01,108,540min (9.00h),0.540997160860224,0.540997160860224,0.14754941400963992,0.14754941400963992,116819,,,,0.666908655600312,0.1725346260657353,0.0,0.0,0.01313468536828809,0.19589102915201032
horno | TI-1515B-T-CONTROL-H-01,108,540min (9.00h),0.5417143349089553,0.5417143349089553,0.14319777297565928,0.14319777297565928,115918,,,,0.6678053080835266,0.1674327904445477,0.0,0.0,0.01313468536828809,0.19534991692963583
horno | FIC-1900-F-2-ISOBUTANO-RECICLO,120,600min (10.00h),0.5034504696002566,0.5034504696002566,0.20866261891149793,0.20866261891149793,116781,,,,0.6199656101648262,0.24418334967564836,0.0,0.0,0.01313468536828809,0.19490257633462582
despropanizadora_y_despojo | FI-1148,0,0min (0.00h),0.46415956696262084,0.46415956696262084,0.26958755368903287,0.26958755368903287,57852,,,,0.5708418507648512,0.31561134661735135,0.0,0.0,0.01313468536828809,0.19333583602588753
despropanizadora_y_despojo | PI-1166,72,360min (6.00h),0.5659567314898055,0.5659567314898055,0.08813806009777096,0.08813806009777096,118848,,,,0.6981145546768016,0.10288114147826918,0.0,0.0,0.01313468536828809,0.1932444812330128
psh | TI-4162,108,540min (9.00h),0.5252422635463994,0.5252422635463994,0.13579178507024545,0.13579178507024545,115461,,,,0.6472109715803399,0.1587500584335937,0.0,0.0,0.01313468536828809,0.18889892300219605
psh | PIC-4051B,120,600min (10.00h),0.5088546079153157,0.5088546079153157,0.16144336782090446,0.16144336782090446,117613,,,,0.626722176507969,0.18882380707122903,0.0,0.0,0.01313468536828809,0.18828778652974865
horno | TI-2582,96,480min (8.00h),0.479672195511055,0.479672195511055,0.2074536611714311,0.2074536611714311,116110,,,,0.5902366363594311,0.24276597549091666,0.0,0.0,0.01313468536828809,0.18725772675556732
despropanizadora_y_despojo | FI-1165,84,420min (7.00h),0.5185521591363242,0.5185521591363242,0.1336595337657854,0.1336595337657854,106420,,,,0.6388466160339127,0.15625022088415616,0.0,0.0,0.01313468536828809,0.18643285848317362
tratadores_e_intercambiadores_de_butano | TI-1964,69,345min (5.75h),0.49223047654710733,0.49223047654710733,0.17841108977263212,0.17841108977263212,118117,,,,0.6059377257892622,0.20871665383587693,0.0,0.0,0.01313468536828809,0.1860756008647691
regenerador_de_acido | FIC-1180,84,420min (7.00h),0.46594205574036823,0.46594205574036823,0.21987317166448314,0.21987317166448314,119255,,,,0.5730704213492119,0.25732652874804174,0.0,0.0,0.01313468536828809,0.18515025599158128
psh | PI-4041B,108,540min (9.00h),0.5151000859405798,0.5151000859405798,0.1275270680526328,0.1275270680526328,117618,,,,0.6345306344271063,0.14906055800140364,0.0,0.0,0.01313468536828809,0.18427541364905914
psh | PI-4041A,108,540min (9.00h),0.5172250020485246,0.5172250020485246,0.1205621689290149,0.1205621689290149,117582,,,,0.6371873274686103,0.14089495560695528,0.0,0.0,0.01313468536828809,0.1837147465502679
reactor_de_alquilacion | FI-2513,39,195min (3.25h),0.5167250556260364,0.5167250556260364,0.11584441389235842,0.11584441389235842,119106,,,,0.6365622655300316,0.13536389031225335,0.0,0.0,0.01313468536828809,0.18272882127141793
horno | PI-1678,528,2640min (44.00h),0.5197584056038987,0.5197584056038987,-0.10817462694646199,0.10817462694646199,95834,,,,0.6403547351473036,0.12637188202344005,0.0,0.0,0.01313468536828809,0.1823281374324139
horno | TI-2584,96,480min (8.00h),0.4513269139730871,0.4513269139730871,0.2267845888231622,0.2267845888231622,117064,,,,0.5547977256467534,0.2654294292349372,0.0,0.0,0.01313468536828809,0.18179751713900097
lab_isobutano_fresco_a_D02 | ISOBUTANO,552,2760min (46.00h),0.3529629829648699,0.3529629829648699,0.3984786941216881,0.3984786941216881,56769,,,,0.4318174488878545,0.46672248064241445,0.0,0.0,0.01313468536828809,0.18124640566039782
tratadores_e_intercambiadores_de_butano | TI-1736,15,75min (1.25h),0.35786972320673394,0.35786972320673394,0.3891095245054019,0.3891095245054019,118217,,,,0.4379521393861232,0.45573812717298484,0.0,0.0,0.01313468536828809,0.18113242526455053
despropanizadora_y_despojo | TI-2320,60,300min (5.00h),0.49962237143360005,0.49962237143360005,0.13631613998526,0.13631613998526,115311,,,,0.61517950038688,0.15936480872266312,0.0,0.0,0.01313468536828809,0.18098326774719148
horno | FIC-1501A,96,480min (8.00h),0.4696414463391134,0.4696414463391134,0.1891938303830215,0.1891938303830215,117928,,,,0.577695613480207,0.2213582687371384,0.0,0.0,0.01313468536828809,0.18091131502269453
regenerador_de_acido | TIC-1168,0,0min (0.00h),0.4853442406462802,0.4853442406462802,0.159044625735245,0.159044625735245,119396,,,,0.5973281553071711,0.18601153746463772,0.0,0.0,0.01313468536828809,0.18051744078856047
horno | TI-2587A,84,420min (7.00h),0.43858844594351654,0.43858844594351654,0.24090602571365008,0.24090602571365008,117091,,,,0.5388713560140667,0.28198530992170895,0.0,0.0,0.01313468536828809,0.18029930683384504
reactor_de_alquilacion | FIC-1933,84,420min (7.00h),0.45444130594820464,0.45444130594820464,0.20353234066365503,0.20353234066365503,116485,,,,0.5586915186571574,0.23816864485347547,0.0,0.0,0.01313468536828809,0.1786818477343827
horno | PI-1659B,96,480min (8.00h),0.5271554652572803,0.5271554652572803,0.06950502062397051,0.06950502062397051,94918,,,,0.6496029670352601,0.0810358872911444,0.0,0.0,0.01313468536828809,0.1778397961945587
tratamiento_de_efluentes | LI-1202,456,2280min (38.00h),-0.3064568130382681,0.3064568130382681,-0.45772931590466454,0.45772931590466454,40803,,,,0.373672744930343,0.5361875239282543,0.0,0.0,0.01313468536828809,0.17712998616389591
isostripper | TI-1109,48,240min (4.00h),0.4344714141404666,0.4344714141404666,0.22007689495160757,0.22007689495160757,119172,,,,0.5337240046895046,0.2575653726037276,0.0,0.0,0.01313468536828809,0.1753494784050073
regenerador_de_acido | TI-1179,21,105min (1.75h),0.5065595634434537,0.5065595634434537,0.0688260339622132,0.0688260339622132,117458,,,,0.6238527791442138,0.08023984774877067,0.0,0.0,0.01313468536828809,0.17128284329044108
isostripper | TI-1098,54,270min (4.50h),0.5413001815971367,0.5413001815971367,0.0056462346553362505,0.0056462346553362505,119347,,,,0.6672875096549155,0.006168262310930565,0.0,0.0,0.01313468536828809,0.17103078810244046
isostripper | FIC-2319,96,480min (8.00h),0.522108818431195,0.522108818431195,0.03770083626128745,0.03770083626128745,106181,,,,0.6432933572320028,0.04374886857399447,0.0,0.0,0.01313468536828809,0.1706693409361719
isostripper | PI-1092B,96,480min (8.00h),0.5081759217043105,0.5081759217043105,-0.0620685545522515,0.0620685545522515,119293,,,,0.6258736437459457,0.07231742287641212,0.0,0.0,0.01313468536828809,0.17059969571002026
isostripper | PI-1092A,96,480min (8.00h),0.477650129626186,0.477650129626186,-0.11484171840982883,0.11484171840982883,118968,,,,0.5877085326165548,0.13418833665559204,0.0,0.0,0.01313468536828809,0.17033905499454952
debutanizadora_y_tratamiento_de_alquilato | TI-2125,72,360min (6.00h),0.44387950541347704,0.44387950541347704,0.17011701577422358,0.17011701577422358,116342,,,,0.545486544643618,0.1989927354705013,0.0,0.0,0.01313468536828809,0.1695042178235517
debutanizadora_y_tratamiento_de_alquilato | TI-2125.1,72,360min (6.00h),0.44387950541347704,0.44387950541347704,0.17011701577422358,0.17011701577422358,116342,,,,0.545486544643618,0.1989927354705013,0.0,0.0,0.01313468536828809,0.1695042178235517
lab_carga_D03_a_E28 | FIC-1059C-OLEFINAS-1,54,270min (4.50h),0.37622253783223664,0.37622253783223664,0.2900745107586758,0.2900745107586758,55140,,,,0.460897889914948,0.3396301217257465,0.0,0.0,0.01313468536828809,0.169452662079671
debutanizadora_y_tratamiento_de_alquilato | FI-2623,108,540min (9.00h),0.4217494101500929,0.4217494101500929,0.20311777773181225,0.20311777773181225,109201,,,,0.5178182193510428,0.2376826139707846,0.0,0.0,0.01313468536828809,0.1683906182754504
horno | FIC-1666,96,480min (8.00h),0.4170366387129162,0.4170366387129162,0.21115212860845536,0.21115212860845536,95696,,,,0.5119260398732115,0.24710203463887273,0.0,0.0,0.01313468536828809,0.1683304865062058
horno | PI-1659A,108,540min (9.00h),0.5228660513574694,0.5228660513574694,0.0226974560616497,0.0226974560616497,95823,,,,0.6442400936412704,0.026159003292594293,0.0,0.0,0.01313468536828809,0.16826754524627877
horno | FI-1666A,96,480min (8.00h),0.41669783045059394,0.41669783045059394,0.20872139348524293,0.20872139348524293,95778,,,,0.5115024421840839,0.24425225660331334,0.0,0.0,0.01313468536828809,0.16779712037859001
lab_isobutano_reciclo | FIC-1059C Olefinas 1,54,270min (4.50h),0.37254680170574656,0.37254680170574656,0.2830708350922426,0.2830708350922426,55659,,,,0.45630227197354356,0.33141905796491783,0.0,0.0,0.01313468536828809,0.1670720980301956
psh | TI-4158,42,210min (3.50h),0.3879839113604905,0.3879839113604905,0.25375574722541716,0.25375574722541716,116420,,,,0.4756026394785723,0.2970502397767126,0.0,0.0,0.01313468536828809,0.16674186717822198
debutanizadora_y_tratamiento_de_alquilato | LIC-2107,0,0min (0.00h),0.4822271367761576,0.4822271367761576,0.08431178220492207,0.08431178220492207,116011,,,,0.5934309717287527,0.09839523818388778,0.0,0.0,0.01313468536828809,0.16640070000184337
tratadores_e_intercambiadores_de_butano | TIC-1309,69,345min (5.75h),0.43972817039094075,0.43972817039094075,0.15790935875595,0.15790935875595,102978,,,,0.5402963054496621,0.18468055784814416,0.0,0.0,0.01313468536828809,0.16605983138170918
debutanizadora_y_tratamiento_de_alquilato | PI-2110A,72,360min (6.00h),0.4820717776154211,0.4820717776154211,0.07583241043813392,0.07583241043813392,114147,,,,0.5932367327186951,0.08845407792106161,0.0,0.0,0.01313468536828809,0.16486096620990506
reactor_de_alquilacion | TI-1907,45,225min (3.75h),0.37363653643206884,0.37363653643206884,0.26312112038355623,0.26312112038355623,117634,,,,0.4576647213679837,0.30803014230332354,0.0,0.0,0.01313468536828809,0.16390437302956648
lab_carga_D03_a_E28 | FI-1909_ACIDO_2,57,285min (4.75h),0.3341698085514093,0.3341698085514093,0.3319548830834371,0.3319548830834371,53582,,,,0.40832113507794215,0.3887303976185896,0.0,0.0,0.01313468536828809,0.163673514754346
lab_isobutano_fresco_a_D02 | BUTILENOS,576,2880min (48.00h),-0.3585472875904608,0.3585472875904608,-0.2876062428998238,0.2876062428998238,56745,,,,0.43879926957478693,0.336736340555243,0.0,0.0,0.01313468536828809,0.1634939398190552
debutanizadora_y_tratamiento_de_alquilato | FIC-2112,84,420min (7.00h),0.4296878514876897,0.4296878514876897,0.15823619400134606,0.15823619400134606,117173,,,,0.5277433179387596,0.18506373736230916,0.0,0.0,0.01313468536828809,0.1629790614311083
lab_isobutano_fresco_a_D02 | FLUJO ISOBUTANO FRESCO,63,315min (5.25h),0.3574123679248985,0.3574123679248985,0.2783289998010167,0.2783289998010167,56802,,,,0.437380327355425,0.3258597611365094,0.0,0.0,0.01313468536828809,0.16150771735140468
isostripper | TI-1097,1,5min (0.08h),0.4565819826736637,0.4565819826736637,-0.0905174224424049,0.0905174224424049,119516,,,,0.5613679165344067,0.10567069040263478,0.0,0.0,0.01313468536828809,0.1594762540360689
isostripper | FI-1457,63,315min (5.25h),0.39814100844186245,0.39814100844186245,0.1852114738837202,0.1852114738837202,105412,,,,0.4883016298232117,0.21668937990054743,0.0,0.0,0.01313468536828809,0.15786248578295706
regenerador_de_acido | TI-2704,552,2760min (46.00h),0.45611299839315605,0.45611299839315605,0.08171678204401722,0.08171678204401722,117666,,,,0.5607815652568475,0.09535287688742272,0.0,0.0,0.01313468536828809,0.1577819941893973
despropanizadora_y_despojo | FI-1484,0,0min (0.00h),0.3833314421775095,0.3833314421775095,0.21106364595010033,0.21106364595010033,59084,,,,0.46978585336733547,0.24699829814619603,0.0,0.0,0.01313468536828809,0.1577798794058353
reactor_de_alquilacion | TI-1055,45,225min (3.75h),0.3648496526416293,0.3648496526416293,0.2365942504488816,0.2365942504488816,118417,,,,0.44667885094454296,0.27693021266883905,0.0,0.0,0.01313468536828809,0.15649291597853363
regenerador_de_acido | TI-1176,252,1260min (21.00h),0.3965149489863073,0.3965149489863073,0.17898232161818128,0.17898232161818128,117965,,,,0.4862686362266677,0.20938636233315927,0.0,0.0,0.01313468536828809,0.15625878474871285
isostripper | PIC-1111,72,360min (6.00h),0.35750749031844375,0.35750749031844375,-0.2466108882821314,0.2466108882821314,78947,,,,0.4374992548745294,0.28867365366113584,0.0,0.0,0.01313468536828809,0.15595953310987476
isostripper | LI-1120,45,225min (3.75h),0.4251033722650144,0.4251033722650144,0.11843753692846633,0.11843753692846633,102608,,,,0.5220115368090188,0.13840405087982563,0.0,0.0,0.01313468536828809,0.15454716317630057
despropanizadora_y_despojo | PI-2322B,84,420min (7.00h),0.3542253391143463,0.3542253391143463,0.2423125374725702,0.2423125374725702,101055,,,,0.4333957195714238,0.2836342951521644,0.0,0.0,0.01313468536828809,0.15417774550775262
tratadores_e_intercambiadores_de_butano | TI-1306,33,165min (2.75h),0.3583932259941611,0.3583932259941611,0.2158542840043254,0.2158542840043254,117251,,,,0.43860665285485056,0.25261481101626265,0.0,0.0,0.01313468536828809,0.15082755620822408
tratadores_e_intercambiadores_de_butano | TI-1305,27,135min (2.25h),0.3434901199730826,0.3434901199730826,0.23779416867344838,0.23779416867344838,118337,,,,0.4199739275839752,0.2783369889844413,0.0,0.0,0.01313468536828809,0.15002770158573203
isostripper | LIC-1094,0,0min (0.00h),0.44873823010897695,0.44873823010897695,-0.04587153008094017,0.04587153008094017,113067,,,,0.5515612033281917,0.053328136820941285,0.0,0.0,0.01313468536828809,0.14917319269726115
tratadores_e_intercambiadores_de_butano | LIC-2482,54,270min (4.50h),0.4025573086307538,0.4025573086307538,0.12764396072666886,0.12764396072666886,107803,,,,0.4938231437959998,0.14919760221152945,0.0,0.0,0.01313468536828809,0.1491190976228014
despropanizadora_y_despojo | FI-1485,39,195min (3.25h),0.33589692380815456,0.33589692380815456,0.24411354069624774,0.24411354069624774,113931,,,,0.4104804744830672,0.2857457796079552,0.0,0.0,0.01313468536828809,0.1487656569040321
isostripper | TIC-1091,30,150min (2.50h),0.3683846454909318,0.3683846454909318,0.1780027259763121,0.1780027259763121,110930,,,,0.4510985034990107,0.20823789077931956,0.0,0.0,0.01313468536828809,0.14729398083372264
isostripper | FIC-2318,96,480min (8.00h),0.3081878805818608,0.3081878805818608,0.2839936355925228,0.2839936355925228,106389,,,,0.37583702571311894,0.3325009432644671,0.0,0.0,0.01313468536828809,0.14711806926002183
despropanizadora_y_despojo | FIC-2318,96,480min (8.00h),0.3081654352363328,0.3081654352363328,0.28396816928276963,0.28396816928276963,106388,,,,0.3758089632437087,0.3324710867286857,0.0,0.0,0.01313468536828809,0.14710657516230205
despropanizadora_y_despojo | LIC-1152,552,2760min (46.00h),0.38943459265907066,0.38943459265907066,0.13847203567741115,0.13847203567741115,116481,,,,0.4774163651578911,0.16189236679831634,0.0,0.0,0.01313468536828809,0.14692161765129225
isostripper | LI-2314,96,480min (8.00h),0.39605484172829986,0.39605484172829986,0.12512441945829286,0.12512441945829286,117988,,,,0.4856933835161614,0.14624370842946482,0.0,0.0,0.01313468536828809,0.1466435734855321
isostripper | TI-1096,1,5min (0.08h),0.3778648061844987,0.3778648061844987,-0.15494110746371462,0.15494110746371462,118715,,,,0.4629511488118164,0.1812005993549892,0.0,0.0,0.01313468536828809,0.14620154844827452
isostripper | FI-1449,576,2880min (48.00h),0.3367523048619335,0.3367523048619335,0.22241871910420163,0.22241871910420163,108371,,,,0.41154992135906965,0.2603109119961009,0.0,0.0,0.01313468536828809,0.14521778848125458
despropanizadora_y_despojo | TI-2333,432,2160min (36.00h),0.37282240845622816,0.37282240845622816,0.14873311709688727,0.14873311709688727,118789,,,,0.4566468514764512,0.17392239185989689,0.0,0.0,0.01313468536828809,0.14353374299016936
isostripper | FI-1450,576,2880min (48.00h),0.32369563073650776,0.32369563073650776,0.2339396794861461,0.2339396794861461,115192,,,,0.39522571205757806,0.27381801095208447,0.0,0.0,0.01313468536828809,0.1431628009992792
reactor_de_alquilacion | LI-1072,66,330min (5.50h),0.44087632545358313,0.44087632545358313,0.02157697481432984,0.02157697481432984,118286,,,,0.5417317953281023,0.024845358372020496,0.0,0.0,0.01313468536828809,0.1424434239299007
despropanizadora_y_despojo | FIC-2380,66,330min (5.50h),-0.3567948014855979,0.3567948014855979,-0.16579878629319897,0.16579878629319897,119351,,,,0.43660821006767797,0.19393007133650653,0.0,0.0,0.01313468536828809,0.1415252345594675
despropanizadora_y_despojo | TIC-2323,96,480min (8.00h),0.3795542626375537,0.3795542626375537,0.1225458940581393,0.1225458940581393,108017,,,,0.4650634050020601,0.14322066203526193,0.0,0.0,0.01313468536828809,0.14103262189787635
regenerador_de_acido | TI-1072,480,2400min (40.00h),0.3554141703617784,0.3554141703617784,0.16338283028554196,0.16338283028554196,118803,,,,0.4348820651691472,0.1910976202398195,0.0,0.0,0.01313468536828809,0.14066883067033176
reactor_de_alquilacion | FIC-1047,96,480min (8.00h),0.3754957529153698,0.3754957529153698,0.11887190006626547,0.11887190006626547,73117,,,,0.45998922136841536,0.1389132953950901,0.0,0.0,0.01313468536828809,0.13911797099343937
lab_carga_a_P201 | CARGA DE P-201 A/B C-3=,120,600min (10.00h),0.2590815320466658,0.2590815320466658,0.317970914675182,0.317970914675182,56835,,,,0.3144414280425385,0.372335684085535,0.0,0.0,0.01313468536828809,0.1377443809655369
reactor_de_alquilacion | TI-1051,42,210min (3.50h),0.3133972761452576,0.3133972761452576,0.22035724039471194,0.22035724039471194,118449,,,,0.3823501134025444,0.2578940477763117,0.0,0.0,0.01313468536828809,0.13755530685915487
lab_isobutano_reciclo | IC-4 DE RECICLO IC-4 Isobutano Reciclo %,504,2520min (42.00h),0.29333326328149495,0.29333326328149495,0.2449608540446418,0.2449608540446418,55698,,,,0.35726492384588154,0.2867391642620176,0.0,0.0,0.01313468536828809,0.13561077694284507
debutanizadora_y_tratamiento_de_alquilato | LIC-2130,12,60min (1.00h),0.33216248463487835,0.33216248463487835,0.17033738775170018,0.17033738775170018,110987,,,,0.4058114625966836,0.19925109814238126,0.0,0.0,0.01313468536828809,0.13462420171260012
psh | LIC-4069,576,2880min (48.00h),0.3944198133975816,0.3944198133975816,0.05874955221490582,0.05874955221490582,117516,,,,0.48364917651305195,0.06842624614118731,0.0,0.0,0.01313468536828809,0.13445990239151312
horno | PDI-1663,39,195min (3.25h),0.29971814487690346,0.29971814487690346,0.22088523545023303,0.22088523545023303,95836,,,,0.3652476721727102,0.25851306574241545,0.0,0.0,0.01313468536828809,0.1333725492466119
regenerador_de_acido | TI-1073,264,1320min (22.00h),0.3350903397881037,0.3350903397881037,0.15669777491208242,0.15669777491208242,96029,,,,0.4094720364814701,0.1832601048364111,0.0,0.0,0.01313468536828809,0.13314069618790123
tratadores_e_intercambiadores_de_propano | FI-2423B,60,300min (5.00h),0.32698355058682227,0.32698355058682227,0.1692962193292094,0.1692962193292094,118602,,,,0.3993364596558921,0.19803043906134946,0.0,0.0,0.01313468536828809,0.13282235211524746
horno | PI-1658,552,2760min (46.00h),0.3831430540871046,0.3831430540871046,-0.06314501358756058,0.06314501358756058,95832,,,,0.46955031967873023,0.07357945644218751,0.0,0.0,0.01313468536828809,0.13170816972808272
tratadores_e_intercambiadores_de_butano | LIC-2478,45,225min (3.75h),0.3325427366583724,0.3325427366583724,0.13069419494059956,0.13069419494059956,110831,,,,0.4062868756734904,0.15277367694841135,0.0,0.0,0.01313468536828809,0.12777144180270633
horno | FIC-1047-F-1-ISOBUTANO,108,540min (9.00h),0.34564334177702777,0.34564334177702777,0.10535983213740521,0.10535983213740521,72030,,,,0.4226660100440626,0.12307183491223715,0.0,0.0,0.01313468536828809,0.12741094908992326
tratadores_e_intercambiadores_de_butano | TI-1943,72,360min (6.00h),0.2864875130601068,0.2864875130601068,0.2031582280075114,0.2031582280075114,118037,,,,0.34870597090226363,0.23773003761070283,0.0,0.0,0.01313468536828809,0.12611966970924335
tratadores_e_intercambiadores_de_butano | AI-1224C,7,35min (0.58h),-0.2958624152258799,0.2958624152258799,-0.18379990208450223,0.18379990208450223,119470,,,,0.3604270159145666,0.2150344623117852,0.0,0.0,0.01313468536828809,0.12564559466748146
debutanizadora_y_tratamiento_de_alquilato | TI-1085,45,225min (3.75h),0.3755717323742851,0.3755717323742851,0.03729619420188353,0.03729619420188353,117338,,,,0.46008421528325405,0.04327446885757089,0.0,0.0,0.01313468536828809,0.12479589549152117
isostripper | TI-1085,39,195min (3.25h),0.37195555529876323,0.37195555529876323,0.0414521008274717,0.0414521008274717,119147,,,,0.4555630615127758,0.04814682673249426,0.0,0.0,0.01313468536828809,0.12439646073014012
tratadores_e_intercambiadores_de_propano | LIC-2394,96,480min (8.00h),0.3066878442851764,0.3066878442851764,0.1569629121315429,0.1569629121315429,114572,,,,0.3739615935600543,0.18357094998659315,0.0,0.0,0.01313468536828809,0.12430971223007457
despropanizadora_y_despojo | TI-1149,96,480min (8.00h),0.3641415702186834,0.3641415702186834,0.04190744059790204,0.04190744059790204,118263,,,,0.4457935653378227,0.04868066411530795,0.0,0.0,0.01313468536828809,0.1220341622938239
lab_R-201 | CARGA DE P-201 A/B AZUFRE TOTAL,480,2400min (40.00h),-0.25719918627888083,0.25719918627888083,-0.2285008140627057,0.2285008140627057,56017,,,,0.312088010472649,0.26744152053399245,0.0,0.0,0.01313468536828809,0.12142190204033315
lab_carga_a_P201 | CARGA DE P-201 A/B AZUFRE TOTAL,480,2400min (40.00h),-0.25719918627888083,0.25719918627888083,-0.2285008140627057,0.2285008140627057,56017,,,,0.312088010472649,0.26744152053399245,0.0,0.0,0.01313468536828809,0.12142190204033315
psh | TI-4085,39,195min (3.25h),0.3375209337614906,0.3375209337614906,0.08182747304720998,0.08182747304720998,115819,,,,0.41251090567337606,0.09548265029902171,0.0,0.0,0.01313468536828809,0.1207337953052693
despropanizadora_y_despojo | TI-1582,84,420min (7.00h),0.3685464527924175,0.3685464527924175,0.022201492097583417,0.022201492097583417,118083,,,,0.4513008043476486,0.025577538369605423,0.0,0.0,0.01313468536828809,0.11994550318442498
regenerador_de_acido | FIC-1171,216,1080min (18.00h),0.2385529098692831,0.2385529098692831,0.25041598394878745,0.25041598394878745,115473,,,,0.28877535704500495,0.2931347230514147,0.0,0.0,0.01313468536828809,0.11944771906103546
horno | PIC-1662,432,2160min (36.00h),0.35206216451910977,0.35206216451910977,-0.04499164478778782,0.04499164478778782,92897,,,,0.43069119355590924,0.052296565030871676,0.0,0.0,0.01313468536828809,0.11880095448568008
tratadores_e_intercambiadores_de_butano | TI-1648,63,315min (5.25h),0.2759278200890338,0.2759278200890338,0.17574473341794214,0.17574473341794214,118051,,,,0.33550363188672483,0.20559063500231203,0.0,0.0,0.01313468536828809,0.11799817456410003
horno | FI-1737,276,1380min (23.00h),0.279770942598107,0.279770942598107,0.16773965411874148,0.16773965411874148,95804,,,,0.3403085259666969,0.19620553214107384,0.0,0.0,0.01313468536828809,0.11779163265490733
reactor_de_alquilacion | TI-1911,42,210min (3.50h),0.25148914863631006,0.25148914863631006,0.20892187679415183,0.20892187679415183,117399,,,,0.3049489910944135,0.24448730192963,0.0,0.0,0.01313468536828809,0.1161940144051199
isostripper | FI-1456,72,360min (6.00h),0.28632318196974044,0.28632318196974044,0.14014223065317571,0.14014223065317571,118699,,,,0.34850051466676957,0.16385049251575162,0.0,0.0,0.01313468536828809,0.11498637388612716
horno | PI-1661C,576,2880min (48.00h),0.3542838287167254,0.3542838287167254,0.008543391457026211,0.008543391457026211,95615,,,,0.4334688466558579,0.00956487008616038,0.0,0.0,0.01313468536828809,0.11308561351896056
horno | PI-1661B,576,2880min (48.00h),0.34937806251013304,0.34937806251013304,0.016354956578025374,0.016354956578025374,94722,,,,0.4273353739528324,0.018723098184557654,0.0,0.0,0.01313468536828809,0.11292597955796377
horno | PI-1661A.1,576,2880min (48.00h),0.34926283007325165,0.34926283007325165,0.0120357391056126,0.0120357391056126,95608,,,,0.42719130369421193,0.013659275735890732,0.0,0.0,0.01313468536828809,0.11213038862600862
horno | PI-1661A,576,2880min (48.00h),0.34926283007325165,0.34926283007325165,0.0120357391056126,0.0120357391056126,95608,,,,0.42719130369421193,0.013659275735890732,0.0,0.0,0.01313468536828809,0.11213038862600862
tratadores_e_intercambiadores_de_butano | TI-1731,63,315min (5.25h),0.31260233275637256,0.31260233275637256,0.07510528330490311,0.07510528330490311,118135,,,,0.38135622919142464,0.08760159880330323,0.0,0.0,0.01313468536828809,0.11176296846042368
tratadores_e_intercambiadores_de_butano | TI-1217A,0,0min (0.00h),0.2567114868698061,0.2567114868698061,0.1711047354759389,0.1711047354759389,118370,,,,0.311478260458712,0.20015073161922098,0.0,0.0,0.01313468536828809,0.11117584619963318
regenerador_de_acido | LIC-2470,204,1020min (17.00h),0.3216573812164225,0.3216573812164225,0.054535286896479344,0.054535286896479344,98779,,,,0.3926773745977541,0.06348546891466682,0.0,0.0,0.01313468536828809,0.11097583532871057
lab_carga_a_P201 | CARGA DE P-201 A/B IC-4,0,0min (0.00h),-0.16772895517063532,0.16772895517063532,-0.3281204512716023,0.3281204512716023,56835,,,,0.20022715181648673,0.38423493472266707,0.0,0.0,0.01313468536828809,0.11097569950459377
regenerador_de_acido | PI-2544,432,2160min (36.00h),0.17140170137672595,0.17140170137672595,0.31236056797941825,0.31236056797941825,107180,,,,0.20481903158644518,0.36575815014003016,0.0,0.0,0.01313468536828809,0.10935215175968785
reactor_de_alquilacion | FIC-1932,108,540min (9.00h),0.333173783083686,0.333173783083686,0.01984317491263041,0.01984317491263041,116970,,,,0.40707584641954875,0.02281266265345608,0.0,0.0,0.01313468536828809,0.10847453234497763
psh | TI-4065,576,2880min (48.00h),0.27794060348156935,0.27794060348156935,0.10574764564507716,0.10574764564507716,115746,,,,0.3380201301207071,0.12352650494415579,0.0,0.0,0.01313468536828809,0.10631767961387216
isostripper | TI-1116,0,0min (0.00h),0.2831876913938807,0.2831876913938807,0.09536759215022937,0.09536759215022937,119620,,,,0.34458034296519396,0.11135699779585943,0.0,0.0,0.01313468536828809,0.10613230675274943
tratadores_e_intercambiadores_de_butano | TI-2143,69,345min (5.75h),0.26176268672463593,0.26176268672463593,0.13056185079230226,0.13056185079230226,111090,,,,0.317793562721892,0.15261851753044317,0.0,0.0,0.01313468536828809,0.1056248396521115
psh | PDI-4041,60,300min (5.00h),0.2804995692996917,0.2804995692996917,0.08145660630746661,0.08145660630746661,115673,,,,0.34121949721902856,0.09504784854750736,0.0,0.0,0.01313468536828809,0.10284572292895527
tratadores_e_intercambiadores_de_butano | FIC-2120,48,240min (4.00h),0.27860262211617476,0.27860262211617476,0.08059952480941653,0.08059952480941653,118658,,,,0.3388478241145199,0.09404301177837412,0.0,0.0,0.01313468536828809,0.10210207913745813
lab_carga_D03_a_E28 | FI-1057_ACIDO_1,84,420min (7.00h),0.23664983758905786,0.23664983758905786,0.15220516630193615,0.15220516630193615,55121,,,,0.2863960259902636,0.17799299974655677,0.0,0.0,0.01313468536828809,0.10158162780162144
lab_isobutano_reciclo | IC-4 DE RECICLO NC-4 N- butano ,432,2160min (36.00h),-0.21130753187105228,0.21130753187105228,-0.19181882803312797,0.19181882803312797,55698,,,,0.2547116093655499,0.22443579889467447,0.0,0.0,0.01313468536828809,0.10062694351766066
debutanizadora_y_tratamiento_de_alquilato | FIC-2120,48,240min (4.00h),0.274850225323278,0.274850225323278,0.0754670113853942,0.0754670113853942,116855,,,,0.3341563605732642,0.0880256864501984,0.0,0.0,0.01313468536828809,0.10002661445291783
lab_carga_a_P201 | CARGA DE P-201 A/B C-3,0,0min (0.00h),0.14016282152762452,0.14016282152762452,0.30640344819989873,0.30640344819989873,56835,,,,0.16576237687467335,0.3587740616884529,0.0,0.0,0.01313468536828809,0.09854037481400829
tratadores_e_intercambiadores_de_butano | TI-2142,39,195min (3.25h),0.2558043131935332,0.2558043131935332,0.0979528381856738,0.0979528381856738,113946,,,,0.31034405944993865,0.11438792341912926,0.0,0.0,0.01313468536828809,0.09802787471742608
tratadores_e_intercambiadores_de_propano | TI-2410A,1,5min (0.08h),0.21089306321766582,0.21089306321766582,0.17029720963453074,0.17029720963453074,117504,,,,0.25419341667866857,0.19920399357935167,0.0,0.0,0.01313468536828809,0.09671262454864192
tratamiento_de_efluentes | FIC-1201,39,195min (3.25h),0.09415125581543735,0.09415125581543735,0.37547638064173927,0.37547638064173927,41202,,,,0.10823605571816795,0.4397547180523146,0.0,0.0,0.01313468536828809,0.0963058929794612
tratadores_e_intercambiadores_de_butano | TI-1945,0,0min (0.00h),0.19648304663053842,0.19648304663053842,0.1917302329740449,0.1917302329740449,118537,,,,0.2361771803426359,0.2243319306241159,0.0,0.0,0.01313468536828809,0.09597775602134839
tratadores_e_intercambiadores_de_butano | TI-1945A,0,0min (0.00h),0.19648304663053842,0.19648304663053842,0.1917302329740449,0.1917302329740449,118537,,,,0.2361771803426359,0.2243319306241159,0.0,0.0,0.01313468536828809,0.09597775602134839
despropanizadora_y_despojo | FI-1477,36,180min (3.00h),0.23294466062241823,0.23294466062241823,0.12020034030314039,0.12020034030314039,115972,,,,0.28176359940739376,0.1404707500813071,0.0,0.0,0.01313468536828809,0.09479518370611653
tratadores_e_intercambiadores_de_butano | TI-2141,36,180min (3.00h),0.21491713691612643,0.21491713691612643,0.1433478252038714,0.1433478252038714,119143,,,,0.25922454640337983,0.1676087107001371,0.0,0.0,0.01313468536828809,0.09323111454793755
psh | LI-4078,480,2400min (40.00h),-0.25283471730947965,0.25283471730947965,-0.07327509975659979,0.07327509975659979,56362,,,,0.3066312988888293,0.08545590352487073,0.0,0.0,0.01313468536828809,0.09275988159300996
tratadores_e_intercambiadores_de_propano | TI-2429,39,195min (3.25h),0.20742402142200222,0.20742402142200222,0.14781942379212015,0.14781942379212015,118218,,,,0.24985621994663415,0.17285118377708372,0.0,0.0,0.01313468536828809,0.09167540389529312
psh | TI-4062,72,360min (6.00h),0.205496653647711,0.205496653647711,0.14940739376370854,0.14940739376370854,111079,,,,0.24744651325975198,0.17471290943486736,0.0,0.0,0.01313468536828809,0.09135223607224012
lab_isobutano_fresco_a_D02 | n-BUTANO,576,2880min (48.00h),-0.11662193215880542,0.11662193215880542,-0.30722271135638834,0.30722271135638834,56745,,,,0.13633019517906642,0.35973456048011954,0.0,0.0,0.01313468536828809,0.09132640420885656
psh | FIC-4059,576,2880min (48.00h),0.2275206664288177,0.2275206664288177,-0.10597765417016679,0.10597765417016679,117532,,,,0.2749822080962644,0.12379616544172806,0.0,0.0,0.01313468536828809,0.09059864818239732
despropanizadora_y_despojo | LIC-2358,528,2640min (44.00h),0.16940947871139306,0.16940947871139306,0.20890105243001592,0.20890105243001592,108953,,,,0.20232823956302023,0.24446288758067347,0.0,0.0,0.01313468536828809,0.0905351643699281
reactor_de_alquilacion | TI-1927,0,0min (0.00h),0.19487620490972837,0.19487620490972837,0.16297866287103804,0.16297866287103804,116396,,,,0.23416821386978867,0.19062377699398697,0.0,0.0,0.01313468536828809,0.09041929135861723
despropanizadora_y_despojo | PDI-2322,180,900min (15.00h),-0.20058560238007941,0.20058560238007941,-0.15113163435599233,0.15113163435599233,89223,,,,0.24130643286768205,0.1767343978812993,0.0,0.0,0.01313468536828809,0.09012043924118743
tratadores_e_intercambiadores_de_butano | FIC-1312,69,345min (5.75h),0.2814465596252721,0.2814465596252721,-0.0013517885948775323,0.0013517885948775323,119227,,,,0.34240347930610215,0.0011334817043888185,0.0,0.0,0.01313468536828809,0.08905456342425588
lab_carga_a_P201 | CARGA DE P-201 A/B C-4=,18,90min (1.50h),-0.1548885316421969,0.1548885316421969,-0.2069429871539078,0.2069429871539078,56835,,,,0.18417331152113584,0.24216726459701002,0.0,0.0,0.01313468536828809,0.08565208891190748
tratadores_e_intercambiadores_de_propano | TI-2410B,0,0min (0.00h),0.19413772837437754,0.19413772837437754,0.1354482457009683,0.1354482457009683,117526,,,,0.23324492778548395,0.15834729511332618,0.0,0.0,0.01313468536828809,0.08534699755544194
tratamiento_de_efluentes | PI-1864,456,2280min (38.00h),0.12858126265327197,0.12858126265327197,0.24190181243910244,0.24190181243910244,112398,,,,0.15128244199337654,0.2831527637965455,0.0,0.0,0.01313468536828809,0.083577196409898
tratadores_e_intercambiadores_de_propano | FIC-2424,504,2520min (42.00h),-0.23492801331775026,0.23492801331775026,-0.049802343639439695,0.049802343639439695,118465,,,,0.2842433016812086,0.05793659704925552,0.0,0.0,0.01313468536828809,0.0830349863197625
debutanizadora_y_tratamiento_de_alquilato | PI-2545,84,420min (7.00h),0.24571779652088088,0.24571779652088088,0.03057019830311814,0.03057019830311814,112274,,,,0.29773331281525606,0.03538895504879667,0.0,0.0,0.01313468536828809,0.08302534280320555
tratamiento_de_efluentes | FI-1288,384,1920min (32.00h),0.2538090319763458,0.2538090319763458,-0.007687656835685784,0.007687656835685784,118529,,,,0.3078494434480524,0.008561612386514032,0.0,0.0,0.01313468536828809,0.08153027406206223
lab_isobutano_reciclo | CARGA DE D-03A/B IC-4,0,0min (0.00h),-0.06945129228999691,0.06945129228999691,-0.33499955734860487,0.33499955734860487,55314,,,,0.07735473246117433,0.3922999539077343,0.0,0.0,0.01313468536828809,0.08146734754352575
lab_carga_D03_a_E28 | ISOBUTANO,0,0min (0.00h),-0.06902598136208288,0.06902598136208288,-0.33366423054653577,0.33366423054653577,55179,,,,0.0768229841354686,0.39073442545731185,0.0,0.0,0.01313468536828809,0.08109958119453595
isostripper | PDI-1092,0,0min (0.00h),0.18476915944488437,0.18476915944488437,0.11998697778285788,0.11998697778285788,118072,,,,0.2215318009515468,0.1402206052514134,0.0,0.0,0.01313468536828809,0.07969971236767073
lab_carga_a_P201 | Olefinas total,528,2640min (44.00h),0.15650102654211112,0.15650102654211112,0.16441401929362043,0.16441401929362043,56826,,,,0.18618934592552738,0.19230657952035543,0.0,0.0,0.01313468536828809,0.07867699475150719
despropanizadora_y_despojo | FIC-1145,36,180min (3.00h),0.2411428867874485,0.2411428867874485,0.011281173938448713,0.011281173938448713,94817,,,,0.2920134960145479,0.012774628445757375,0.0,0.0,0.01313468536828809,0.07820323961257261
lab_isobutano_reciclo | FIC-1047_Isobutano 1,96,480min (8.00h),0.2218210264306553,0.2218210264306553,0.04187176497408296,0.04187176497408296,55623,,,,0.26785618845455705,0.048638838246173294,0.0,0.0,0.01313468536828809,0.07754354419263729
psh | PDI-4051,84,420min (7.00h),0.21548901621985858,0.21548901621985858,0.05302115000496578,0.05302115000496578,117630,,,,0.25993954299130384,0.06171030467934572,0.0,0.0,0.01313468536828809,0.07752510279179985
despropanizadora_y_despojo | FI-1478,30,150min (2.50h),0.21046136394896772,0.21046136394896772,0.061528352646363575,0.061528352646363575,111207,,,,0.25365368127975824,0.07168409367839888,0.0,0.0,0.01313468536828809,0.07744970571377141
despropanizadora_y_despojo | FI-1148BPD,360,1800min (30.00h),0.22449059235046612,0.22449059235046612,0.03634992094009758,0.03634992094009758,82992,,,,0.27119383419806675,0.04216506424522841,0.0,0.0,0.01313468536828809,0.07740688952837298
lab_isobutano_fresco_a_D02 | SUMA,72,360min (6.00h),-0.12741606049178109,0.12741606049178109,0.20699373077740232,0.20699373077740232,56802,,,,0.14982563884580566,0.24222675609087888,0.0,0.0,0.01313468536828809,0.07707409446715527
lab_carga_D03_a_E28 | FIC-1047_ISOBUTANO_1,96,480min (8.00h),0.21518160806189549,0.21518160806189549,0.03738515399422783,0.03738515399422783,55104,,,,0.25955520352909706,0.043378764739030684,0.0,0.0,0.01313468536828809,0.07467928693520089
lab_isobutano_reciclo | FIC-1900_Isobutano 2,96,480min (8.00h),0.2152826875210591,0.2152826875210591,0.03709466143707436,0.03709466143707436,55599,,,,0.2596815789162452,0.04303819315598819,0.0,0.0,0.01313468536828809,0.07465979504453156
despropanizadora_y_despojo | F-12387,12,60min (1.00h),-0.2302023891795597,0.2302023891795597,-0.005750255321727666,0.005750255321727666,116813,,,,0.2783350530130595,0.006290215463084281,0.0,0.0,0.01313468536828809,0.07381096691479955
tratadores_e_intercambiadores_de_butano | TDI-1217,57,285min (4.75h),-0.16572984632362608,0.16572984632362608,-0.11684089557133205,0.11684089557133205,95322,,,,0.19772775029037426,0.13653215894607446,0.0,0.0,0.01313468536828809,0.07319543275657675
lab_carga_D03_a_E28 | FIC-1900_ISOBUTANO_2,48,240min (4.00h),0.2126215114915239,0.2126215114915239,0.02853314776611142,0.02853314776611142,55089,,,,0.2563544226989012,0.033000730259411054,0.0,0.0,0.01313468536828809,0.07232238655570898
tratadores_e_intercambiadores_de_butano | TI-1311,0,0min (0.00h),0.18169005738584296,0.18169005738584296,-0.08223988878355029,0.08223988878355029,118493,,,,0.21768212943569232,0.09596616382368268,0.0,0.0,0.01313468536828809,0.07209912827454751
tratamiento_de_efluentes | TI-1287,408,2040min (34.00h),0.20090833826959645,0.20090833826959645,0.029742427632076938,0.029742427632076938,119025,,,,0.24170993594656487,0.034418482102449514,0.0,0.0,0.01313468536828809,0.06887392764408067
tratadores_e_intercambiadores_de_butano | TI-2134,36,180min (3.00h),0.16388155763421788,0.16388155763421788,0.09010738976590339,0.09010738976590339,118074,,,,0.19541691285002458,0.10518997076181626,0.0,0.0,0.01313468536828809,0.0679163951688506
tratamiento_de_efluentes | PI-1341,384,1920min (32.00h),-0.11752214595910462,0.11752214595910462,-0.17242061094444439,0.17242061094444439,40756,,,,0.13745569454827858,0.20169345545279213,0.0,0.0,0.01313468536828809,0.06790161329706049
lab_R-201 | EFLUENTE DE R-201 IC-4,576,2880min (48.00h),-0.08045322549867862,0.08045322549867862,-0.23794670562483053,0.23794670562483053,56734,,,,0.09110998580473546,0.27851582231330096,0.0,0.0,0.01313468536828809,0.06783854114025104
lab_R-202 | EFLUENTE DE R-202 C-4=,42,210min (3.50h),-0.12024871013201849,0.12024871013201849,-0.16427324079287375,0.16427324079287375,56791,,,,0.14086460280508495,0.1921415317224791,0.0,0.0,0.01313468536828809,0.06732105180171513
despropanizadora_y_despojo | PDI-2345,504,2520min (42.00h),-0.10910479898999854,0.10910479898999854,-0.17943589169336124,0.17943589169336124,80808,,,,0.12693184043604439,0.20991812493678128,0.0,0.0,0.01313468536828809,0.06650435019160031
despropanizadora_y_despojo | FIC-2332,384,1920min (32.00h),0.1895719058651024,0.1895719058651024,-0.03628760911313411,0.03628760911313411,87639,,,,0.2275364723581001,0.04209201026491591,0.0,0.0,0.01313468536828809,0.06648159097133444
lab_R-201 | EFLUENTE DE R-201 C-4=,5,25min (0.42h),-0.12426968596856237,0.12426968596856237,-0.15157387228227762,0.15157387228227762,56791,,,,0.1458918594036211,0.17725287474732393,0.0,0.0,0.01313468536828809,0.06634456740507588
tratamiento_de_efluentes | LI-1299,144,720min (12.00h),0.15065167184778325,0.15065167184778325,0.10301815223625782,0.10301815223625782,119266,,,,0.17887614430989338,0.12032646463932094,0.0,0.0,0.01313468536828809,0.0660516771154435
lab_R-202 | EFLUENTE DE R-202 NC-4,408,2040min (34.00h),-0.1451893362677023,0.1451893362677023,-0.10302504665188716,0.10302504665188716,56791,,,,0.17204681637939193,0.12033454760732551,0.0,0.0,0.01313468536828809,0.06434555757801882
tratadores_e_intercambiadores_de_propano | TI-2411,36,180min (3.00h),0.09223897877964791,0.09223897877964791,0.19266113176008734,0.19266113176008734,118170,,,,0.10584521634553831,0.22542331030117702,0.0,0.0,0.01313468536828809,0.06355847197363315
tratadores_e_intercambiadores_de_butano | LI-1214,0,0min (0.00h),0.08121410360359976,0.08121410360359976,0.20987322866769312,0.20987322866769312,117210,,,,0.0920612796272157,0.24560266067333517,0.0,0.0,0.01313468536828809,0.06313939034987623
lab_carga_D03_a_E28 | BUTILENOS,132,660min (11.00h),-0.09152271219462631,0.09152271219462631,-0.18810409311951973,0.18810409311951973,55179,,,,0.10494969842594896,0.22008066786306466,0.0,0.0,0.01313468536828809,0.06253319612801897
lab_carga_a_P201 | CARGA DE P-201 A/B NC-4,480,2400min (40.00h),-0.144730352594881,0.144730352594881,-0.0932159215111591,0.0932159215111591,56835,,,,0.1714729684400831,0.10883439314493522,0.0,0.0,0.01313468536828809,0.06247707242383309
tratamiento_de_efluentes | LI-1272,0,0min (0.00h),-0.1079741078015505,0.1079741078015505,-0.15347014537339176,0.15347014537339176,93681,,,,0.125518184903382,0.1794760529755373,0.0,0.0,0.01313468536828809,0.06158462551424812
lab_R-202 | EFLUENTE DE R-202 H-2S,576,2880min (48.00h),-0.024713899973867193,0.024713899973867193,0.2996203455431537,0.2996203455431537,37133,,,,0.021421456593524655,0.35082159628836035,0.0,0.0,0.01313468536828809,0.06126227493370724
horno | PDI-2585,63,315min (5.25h),0.16889060908287098,0.16889060908287098,0.041147155324889446,0.041147155324889446,118151,,,,0.2016795187375776,0.04778931061031266,0.0,0.0,0.01313468536828809,0.06087194761801333
lab_R-202 | Relacion 2C-4=/1C-4=,0,0min (0.00h),-0.05245363940564087,0.05245363940564087,-0.24313525795706117,0.24313525795706117,56680,,,,0.05610328353529543,0.28459884729267426,0.0,0.0,0.01313468536828809,0.05999931931979702
lab_R-202 | EFLUENTE DE R-202 1C-4=,21,105min (1.75h),0.06926940743659728,0.06926940743659728,0.20506772459390282,0.20506772459390282,56791,,,,0.07712732949567602,0.23996871897870078,0.0,0.0,0.01313468536828809,0.05856081156279615
lab_carga_D03_a_E28 | N-BUTANO,576,2880min (48.00h),-0.09607882806957979,0.09607882806957979,-0.1544892686466651,0.1544892686466651,55132,,,,0.11064601805758899,0.18067086646712968,0.0,0.0,0.01313468536828809,0.058045805826538725
reactor_de_alquilacion | LIC-1924,39,195min (3.25h),0.14282527990136545,0.14282527990136545,0.06507507588776007,0.06507507588776007,118330,,,,0.16909113635292516,0.07584224891918133,0.0,0.0,0.01313468536828809,0.056932792768180515
horno | AI-1512A,576,2880min (48.00h),-0.11064490774107509,0.11064490774107509,-0.11697212258597864,0.11697212258597864,108367,,,,0.12885737348972415,0.13668600864382255,0.0,0.0,0.01313468536828809,0.05600091601107644
"lab_R-201 | EFLUENTE DE R-202 1,3-BUTADIENO",8,40min (0.67h),0.04094014626405777,0.04094014626405777,0.23912928705926265,0.23912928705926265,56791,,,,0.04170844837061206,0.27990227308900334,0.0,0.0,0.01313468536828809,0.05569612439807554
"lab_R-202 | EFLUENTE DE R-202 1,3-BUTADIENO",8,40min (0.67h),0.040940146261286496,0.040940146261286496,0.23912928705926265,0.23912928705926265,56791,,,,0.041708448367147245,0.27990227308900334,0.0,0.0,0.01313468536828809,0.055696124397209335
regenerador_de_acido | TI-2540,576,2880min (48.00h),0.14028929154750225,0.14028929154750225,0.05588641539005806,0.05588641539005806,118854,,,,0.16592049700963388,0.06506952316535392,0.0,0.0,0.01313468536828809,0.05452422406928358
tratamiento_de_efluentes | TI-2540,576,2880min (48.00h),0.14019530099576205,0.14019530099576205,0.05588185075954276,0.05588185075954276,118854,,,,0.16580298458462958,0.06506417162225128,0.0,0.0,0.01313468536828809,0.05449404323156711
tratamiento_de_efluentes | PI-1837,27,135min (2.25h),-0.14103032363571547,0.14103032363571547,-0.05335199977978279,0.05335199977978279,99991,,,,0.16684697819396224,0.06209819080167123,0.0,0.0,0.01313468536828809,0.05431014451081327
lab_R-201 | EFLUENTE R-201 NC-4,168,840min (14.00h),-0.1475353213106675,0.1475353213106675,-0.041204085231474716,0.041204085231474716,56791,,,,0.17497990259197926,0.047856054862207426,0.0,0.0,0.01313468536828809,0.054207055219397955
isostripper | PI-2542,0,0min (0.00h),0.14345433691358664,0.14345433691358664,-0.045006274101908036,0.045006274101908036,112943,,,,0.16987761981965063,0.05231371634351656,0.0,0.0,0.01313468536828809,0.05360013374851216
horno | PIC-1507A,336,1680min (28.00h),0.15289701781896242,0.15289701781896242,0.02408200512801879,0.02408200512801879,118252,,,,0.1816834057331078,0.027782239605269266,0.0,0.0,0.01313468536828809,0.052871858716139364
horno | PIC-1507B,336,1680min (28.00h),0.15288452979259307,0.15288452979259307,0.023796755502766012,0.023796755502766012,118285,,,,0.1816677924801264,0.02744781480145823,0.0,0.0,0.01313468536828809,0.05281779168232236
tratamiento_de_efluentes | LI-1285,480,2400min (40.00h),0.08501454729942706,0.08501454729942706,0.14266446393959428,0.14266446393959428,118956,,,,0.0968128141859597,0.16680754240224568,0.0,0.0,0.01313468536828809,0.0525080062488988
tratadores_e_intercambiadores_de_butano | LI-1959,576,2880min (48.00h),-0.1368542840301824,0.1368542840301824,0.050177632723055816,0.050177632723055816,116913,,,,0.16162585190121906,0.05837658352793898,0.0,0.0,0.01313468536828809,0.052446621846567634
lab_R-201 | EFLUENTE DE R-201 cisC-4=,0,0min (0.00h),-0.04290946705268663,0.04290946705268663,-0.21422623439382768,0.21422623439382768,56791,,,,0.044170607142940896,0.25070609625072054,0.0,0.0,0.01313468536828809,0.05193223756541533
reactor_de_alquilacion | TI-1054,0,0min (0.00h),0.13394449349669021,0.13394449349669021,0.03848042871493752,0.03848042871493752,119194,,,,0.15798786344903532,0.04466285769188886,0.0,0.0,0.01313468536828809,0.04948006585811418
despropanizadora_y_despojo | LIC-2355,4,20min (0.33h),-0.0838181113396893,0.0838181113396893,0.11898537053440139,0.11898537053440139,76667,,,,0.09531696073699011,0.1390463274332955,0.0,0.0,0.01313468536828809,0.04796986064131388
lab_isobutano_fresco_a_D02 | H-2S,504,2520min (42.00h),0.08074888522481656,0.08074888522481656,0.12034124460910027,0.12034124460910027,56691,,,,0.09147963669784452,0.14063594537239646,0.0,0.0,0.01313468536828809,0.04724897232239263
lab_R-201 | EFLUENTE DE R-201 transC-4=,180,900min (15.00h),0.0509717990998007,0.0509717990998007,-0.17216048543823192,0.17216048543823192,56791,,,,0.05425060106259625,0.20138848600259826,0.0,0.0,0.01313468536828809,0.04705459450811082
lab_isobutano_reciclo | ALK.IC-4 DE RECICLO C-4= Butilenos,96,480min (8.00h),0.023910019857455084,0.023910019857455084,-0.2159051548547267,0.2159051548547267,55698,,,,0.020416399168673688,0.2526744516701288,0.0,0.0,0.01313468536828809,0.04628893888475977
regenerador_de_acido | LI-2702,576,2880min (48.00h),0.09458812051926417,0.09458812051926417,0.0864985465811766,0.0864985465811766,118657,,,,0.1087822492428892,0.10095898650384377,0.0,0.0,0.01313468536828809,0.04562308162837089
tratadores_e_intercambiadores_de_propano | TDI-2410,57,285min (4.75h),-0.1090306265151318,0.1090306265151318,-0.05689400155020522,0.05689400155020522,107010,,,,0.12683910571719464,0.06625081062061815,0.0,0.0,0.01313468536828809,0.04493106936446341
tratamiento_de_efluentes | LI-1833,0,0min (0.00h),-0.12471364122510292,0.12471364122510292,-0.026136542350039715,0.026136542350039715,118506,,,,0.14644691794752335,0.030190965670335777,0.0,0.0,0.01313468536828809,0.04442404567950323
lab_R-202 | EFLUENTE DE R-202 Olefinas Totales,408,2040min (34.00h),0.03711130894096072,0.03711130894096072,0.17968265481787937,0.17968265481787937,56791,,,,0.036921414456524776,0.21020742841765927,0.0,0.0,0.01313468536828809,0.04404513921885211
tratadores_e_intercambiadores_de_propano | FI-2423A,276,1380min (23.00h),0.07672268689912626,0.07672268689912626,0.09732799174151391,0.09732799174151391,116024,,,,0.08644585064126403,0.11365535751544045,0.0,0.0,0.01313468536828809,0.0419434376297041
isostripper | LIC-2311,576,2880min (48.00h),-0.07038635000208507,0.07038635000208507,0.10815318203993099,0.10815318203993099,117072,,,,0.07852379570457538,0.12634674015461894,0.0,0.0,0.01313468536828809,0.04186663129140871
reactor_de_alquilacion | TI-1906,0,0min (0.00h),0.12707612594538703,0.12707612594538703,-0.001710074452110824,0.001710074452110824,117963,,,,0.1494006330111775,0.0015535337111437194,0.0,0.0,0.01313468536828809,0.04086685965153796
tratamiento_de_efluentes | PI-1846,168,840min (14.00h),-0.10124694835095469,0.10124694835095469,-0.04493779098758947,0.04493779098758947,108263,,,,0.1171075010017148,0.05223342718608099,0.0,0.0,0.01313468536828809,0.040395560670412875
lab_R-202 | EFLUENTE DE R-202 transC-4=,384,1920min (32.00h),0.029272662068822133,0.029272662068822133,-0.1694169290113774,0.1694169290113774,56791,,,,0.027121084682490533,0.1981719583069623,0.0,0.0,0.01313468536828809,0.039789736258739
lab_carga_D03_a_E28 | Relacion HF/HC,84,420min (7.00h),-0.02908846461321781,0.02908846461321781,0.1637486205809224,0.1637486205809224,53369,,,,0.02689079036793521,0.19152647040100793,0.0,0.0,0.01313468536828809,0.038735339494207016
"lab_isobutano_reciclo | IC-4 DE RECICLO 1,3-Butadieno",360,1800min (30.00h),0.04190781122572845,0.04190781122572845,0.1390558405530544,0.1390558405530544,55698,,,,0.04291827908372384,0.16257681583423672,0.0,0.0,0.01313468536828809,0.03839976348813849
regenerador_de_acido | PI-2543,168,840min (14.00h),0.040056442442353034,0.040056442442353034,0.13672160935869632,0.13672160935869632,117024,,,,0.0406035907317173,0.1598401783766729,0.0,0.0,0.01313468536828809,0.037410595781502284
lab_R-202 | EFLUENTE DE R-202 cisC-4=,204,1020min (17.00h),-0.026967399775190925,0.026967399775190925,-0.15564488636756627,0.15564488636756627,56791,,,,0.024238912406873196,0.18202570516060898,0.0,0.0,0.01313468536828809,0.03664725521788167
horno | TI-1684,39,195min (3.25h),0.08281282793040201,0.08281282793040201,0.055861771937602264,0.055861771937602264,94597,,,,0.09406009726449475,0.06504063134211154,0.0,0.0,0.01313468536828809,0.036554790359512444
horno | poder-calorico,57,285min (4.75h),-0.0502933314471738,0.0502933314471738,-0.10991616341091787,0.10991616341091787,118412,,,,0.05340234155490083,0.12841364803781888,0.0,0.0,0.01313468536828809,0.035896303936470066
despropanizadora_y_despojo | PI-2388,2,10min (0.17h),0.08865032058767162,0.08865032058767162,0.04152701354690188,0.04152701354690188,107569,,,,0.10135846827519669,0.0482346539171091,0.0,0.0,0.01313468536828809,0.035858486498437564
tratamiento_de_efluentes | LI-1842,0,0min (0.00h),-0.08998429407572565,0.08998429407572565,-0.01582295079813382,0.01582295079813382,100574,,,,0.10302627909841618,0.0180993780713098,0.0,0.0,0.01313468536828809,0.031755147827372536
reactor_de_alquilacion | AI-1912,480,2400min (40.00h),0.06185299850667564,0.06185299850667564,0.064227532964939,0.064227532964939,118887,,,,0.06785490602286118,0.07484859511355513,0.0,0.0,0.01313468536828809,0.031474687114820585
tratamiento_de_efluentes | TI-1308,69,345min (5.75h),-0.09138374645927279,0.09138374645927279,-0.006639784315592505,0.006639784315592505,41175,,,,0.10477595542464138,0.007333093465093438,0.0,0.0,0.01313468536828809,0.030577624217996383
despropanizadora_y_despojo | TI-2359,360,1800min (30.00h),-0.06979943202437842,0.06979943202437842,-0.043022712628718617,0.043022712628718617,119092,,,,0.07778999689648275,0.049988201784362744,0.0,0.0,0.01313468536828809,0.03022940083384712
lab_isobutano_fresco_a_D02 | AZUFRE,576,2880min (48.00h),0.07043107257431849,0.07043107257431849,0.039612209041022764,0.039612209041022764,56634,,,,0.07857971045151832,0.04598974957885572,0.0,0.0,0.01313468536828809,0.02982706139177996
tratamiento_de_efluentes | LI-1851,456,2280min (38.00h),-0.08915446261383805,0.08915446261383805,-0.003548806885738995,0.003548806885738995,109481,,,,0.1019887758002036,0.003709251647082018,0.0,0.0,0.01313468536828809,0.029337253039185225
isostripper | TI-2316,384,1920min (32.00h),-0.06490612204934833,0.06490612204934833,-0.04301171792647112,0.04301171792647112,119080,,,,0.07167209769473154,0.04997531166701791,0.0,0.0,0.01313468536828809,0.028697992515807593
lab_R-201 | EFLUENTE DE R-201 IC-4=,156,780min (13.00h),-0.0795789532403117,0.0795789532403117,0.015586755089296534,0.015586755089296534,56791,,,,0.09001692005192807,0.017822463759787324,0.0,0.0,0.01313468536828809,0.02846127091902214
lab_R-201 | EFLUENTE DE R-201 Olefinas Totales,96,480min (8.00h),0.03415177500567624,0.03415177500567624,0.09525866333781195,0.09525866333781195,56791,,,,0.0332212339258358,0.11122929036525445,0.0,0.0,0.01313468536828809,0.028273373378319137
tratamiento_de_efluentes | FI-1339,576,2880min (48.00h),0.068147944967559,0.068147944967559,0.0289719161164597,0.0289719161164597,115088,,,,0.0757252122418879,0.03351513941719236,0.0,0.0,0.01313468536828809,0.02724224531512285
lab_isobutano_reciclo | Relacion 1 Ol/iso,57,285min (4.75h),-0.046301195432695674,0.046301195432695674,-0.06741064776408925,0.06741064776408925,55237,,,,0.04841114217025368,0.07858045818356092,0.0,0.0,0.01313468536828809,0.02717352561216958
tratamiento_de_efluentes | FIC-1203,156,780min (13.00h),-0.042463075260198706,0.042463075260198706,-0.058477537557159114,0.058477537557159114,41102,,,,0.043612502300847095,0.06810733792712724,0.0,0.0,0.01313468536828809,0.02440289760635288
tratamiento_de_efluentes | FI-1294,240,1200min (20.00h),0.05133199116576199,0.05133199116576199,0.031849628595659006,0.031849628595659006,119196,,,,0.05470093402005581,0.03688895079530715,0.0,0.0,0.01313468536828809,0.022492247466382047
regenerador_de_acido | FI-1170,240,1200min (20.00h),0.05614177620880398,0.05614177620880398,-0.018514932063660398,0.018514932063660398,98540,,,,0.06071440552003788,0.021255439383533893,0.0,0.0,0.01313468536828809,0.021650588629611577
despropanizadora_y_despojo | TI-2385,2,10min (0.17h),0.03938500300114166,0.03938500300114166,0.03891469576493286,0.03891469576493286,119420,,,,0.039764118300505524,0.04517198955443764,0.0,0.0,0.01313468536828809,0.020000499350364048
lab_isobutano_reciclo | IC-4 DE RECICLO SUMA,33,165min (2.75h),0.05698382276863333,0.05698382276863333,-0.005917636537872092,0.005917636537872092,55698,,,,0.06176718084032313,0.006486452111322287,0.0,0.0,0.01313468536828809,0.01969843436885115
lab_carga_a_P201 | CARGA DE P-201 A/B-oxigenados,528,2640min (44.00h),0.0467784422448182,0.0467784422448182,0.02144960446354044,0.02144960446354044,56671,,,,0.04900782374281332,0.02469603020187359,0.0,0.0,0.01313468536828809,0.01924003180805639
lab_carga_a_P201 | CARGA DE P-201 A/B transC-4=,168,840min (14.00h),0.040595941051466404,0.040595941051466404,-0.030359995912607837,0.030359995912607837,56835,,,,0.04127810310205212,0.03514251513447697,0.0,0.0,0.01313468536828809,0.0188745743877566
reactor_de_alquilacion | AI-1050,456,2280min (38.00h),0.05270978034896263,0.05270978034896263,-0.002471060207814681,0.002471060207814681,118932,,,,0.05642352576002274,0.0024457084574864498,0.0,0.0,0.01313468536828809,0.017756409050700677
lab_carga_D03_a_E28 | OLEFINAS,312,1560min (26.00h),0.03162791326384456,0.03162791326384456,0.035804672598413946,0.035804672598413946,55189,,,,0.03006575597441347,0.04152581863873812,0.0,0.0,0.01313468536828809,0.017028983131486108
lab_isobutano_reciclo | CARGA DE D-03A/B-OLEFINAS TOTALES,312,1560min (26.00h),0.0320165097343911,0.0320165097343911,0.03492775973087778,0.03492775973087778,55315,,,,0.03055160176163961,0.040497731701111886,0.0,0.0,0.01313468536828809,0.016996231537648707
tratamiento_de_efluentes | PI-2546,48,240min (4.00h),-0.014836107917968364,0.014836107917968364,0.064385984039066,0.064385984039066,118806,,,,0.009071669549127142,0.07503436212142275,0.0,0.0,0.01313468536828809,0.01680674304756722
despropanizadora_y_despojo | PI-2546,48,240min (4.00h),-0.014834569070498186,0.014834569070498186,0.06438610335799128,0.06438610335799128,118806,,,,0.009069745592999806,0.07503450201015405,0.0,0.0,0.01313468536828809,0.01680628304184508
lab_carga_a_P201 | CARGA DE P-201 A/B cisC-4=,228,1140min (19.00h),0.028071720930825494,0.028071720930825494,0.033743267882640045,0.033743267882640045,56835,,,,0.02561959859904359,0.039109041168699635,0.0,0.0,0.01313468536828809,0.015554927167137864
tratamiento_de_efluentes | LI-1279,552,2760min (46.00h),-0.035010986154632315,0.035010986154632315,-0.01870894863473434,0.01870894863473434,115381,,,,0.03429546940839417,0.02148290314850815,0.0,0.0,0.01313468536828809,0.015079974166446786
despropanizadora_y_despojo | TI-2338,360,1800min (30.00h),-0.04210601054044523,0.04210601054044523,-0.005311359064367583,0.005311359064367583,119111,,,,0.043166079332529035,0.005775656347954945,0.0,0.0,0.01313468536828809,0.014941539627397523
tratamiento_de_efluentes | LI-1725,552,2760min (46.00h),0.044548437537253016,0.044548437537253016,0.00038497863424290815,0.00038497863424290815,116022,,,,0.046219742854839214,0.0,0.0,0.0,0.01313468536828809,0.014838607055781826
lab_carga_a_P201 | CARGA DE P-201 A/B 1C-4=,63,315min (5.25h),0.016619844627860977,0.016619844627860977,-0.04603377313224369,0.04603377313224369,56835,,,,0.011301800370446962,0.053518349518166745,0.0,0.0,0.01313468536828809,0.014136873862408774
regenerador_de_acido | AI-1193,408,2040min (34.00h),-0.012488670274951047,0.012488670274951047,-0.017245518382150726,0.017245518382150726,97345,,,,0.006136767211923779,0.019767187046593148,0.0,0.0,0.01313468536828809,0.0077829412020419386
tratamiento_de_efluentes | AI-1193,408,2040min (34.00h),-0.01248912088312332,0.01248912088312332,-0.017222974253073856,0.017222974253073856,97345,,,,0.006137330588327793,0.01974075645641466,0.0,0.0,0.01313468536828809,0.007779117457616169
lab_isobutano_reciclo | Relacion 2 Ol/iso,51,255min (4.25h),0.007580269004797941,0.007580269004797941,-0.016362002658624572,0.016362002658624572,55042,,,,0.0,0.01873135896358562,0.0,0.0,0.01313468536828809,0.006093375186609865
